dataset,scored_horizon,origin_policy,model,baseline_version,eval_metrics/MSE[mean],eval_metrics/MSE[0.5],eval_metrics/MAE[0.5],eval_metrics/MASE[0.5],eval_metrics/MAPE[0.5],eval_metrics/sMAPE[0.5],eval_metrics/MSIS,eval_metrics/RMSE[mean],eval_metrics/NRMSE[mean],eval_metrics/ND[0.5],eval_metrics/mean_weighted_sum_quantile_loss,domain,num_variates,rolling_windows,scored_values_per_series,origin_span_per_series
bitbrains_fast_storage/5T/short,48,gift_horizon_specific_v1,UniScale_Seasonal_Naive,statsforecast-native-v1,5404399.040720108,5404399.040720108,346.437365953357,1.1360241739932158,5.93219044159724,0.4761820999116344,31.060387655856317,2324.7363378929895,7.299097147415301,1.0877276482373361,1.2103864223725769,Web/CloudOps,2,18,864,864
bitbrains_rnd/5T/short,48,gift_horizon_specific_v1,UniScale_Seasonal_Naive,statsforecast-native-v1,3407833.9848243473,3407833.9848243473,210.55183652703644,1.97081263778052,3.0460951263841367,0.38408369285479926,74.37164332027564,1846.0319566097298,7.553429932485847,0.8615173419229213,1.1015904579381073,Web/CloudOps,2,18,864,864
bizitobs_l2c/5T/short,48,gift_horizon_specific_v1,UniScale_Seasonal_Naive,statsforecast-native-v1,174.30969108187668,174.30969108187668,9.685235118936925,0.9860210808038163,0.42617951456148495,0.5068802622976952,7.245192979014307,13.202639549797484,0.45343208239192795,0.33263017685750307,0.2620683855543732,Web/CloudOps,7,20,960,960
bizitobs_l2c/H/short,48,gift_horizon_specific_v1,UniScale_Seasonal_Naive,statsforecast-native-v1,281.843088294633,281.843088294633,12.531653071328673,1.2140641269704242,1.3605904728744358,1.1383730394978206,7.48693030391725,16.788182995626208,0.9049260587439806,0.6754881946628053,0.5211675771608784,Web/CloudOps,7,6,288,288
electricity/15T/short,48,gift_horizon_specific_v1,UniScale_Seasonal_Naive,statsforecast-native-v1,366722.8751165873,366722.8751165873,94.2143601937649,1.7170601415661315,0.3023538521083488,0.2300400323726912,26.975163987358332,605.5764816409132,1.1937106250252214,0.18571507679510293,0.16489261614123307,Energy,1,20,960,960
electricity/H/short,48,gift_horizon_specific_v1,UniScale_Seasonal_Naive,statsforecast-native-v1,2887718.331093955,2887718.331093955,247.6979321369151,1.3577726051046541,0.36318607172802597,0.16452154788107898,18.28705943150761,1699.3287884026313,0.8022045523157543,0.11693111428201847,0.10566499575514565,Energy,1,20,960,960
ett1/15T/short,48,gift_horizon_specific_v1,UniScale_Seasonal_Naive,statsforecast-native-v1,8.776201437054493,8.776201437054493,1.4945349681712243,0.9341549589837012,0.6328330589792569,0.3060309440185479,8.43980213618074,2.962465432212584,0.5600292797759298,0.28252931923656344,0.2413639485337642,Energy,7,20,960,960
ett1/H/short,48,gift_horizon_specific_v1,UniScale_Seasonal_Naive,statsforecast-native-v1,141.21641696074045,141.21641696074045,5.822230833258835,0.9773176241237768,0.5700293283452726,0.2873735083287565,9.54233479964519,11.883451390936072,0.5546492936282819,0.27174733272110774,0.24036844093274576,Energy,7,20,960,960
ett2/15T/short,48,gift_horizon_specific_v1,UniScale_Seasonal_Naive,statsforecast-native-v1,14.617721910063441,14.617721910063441,2.5347110900495733,1.067314800011479,0.15340707126160555,0.17031890204364922,8.52822431597306,3.82331294953257,0.1815062669814683,0.12033175256754043,0.09638438779907081,Energy,7,20,960,960
ett2/H/short,48,gift_horizon_specific_v1,UniScale_Seasonal_Naive,statsforecast-native-v1,151.78025205327592,151.78025205327592,7.965507926082327,0.9231678278052003,0.14457157080668112,0.1371611236284504,9.954323371686728,12.319912826529087,0.1562507736070741,0.10102480375863927,0.08895289220887047,Energy,7,20,960,960
hierarchical_sales/D/short,30,gift_horizon_specific_v1,UniScale_Seasonal_Naive,statsforecast-native-v1,58.96940884663084,58.96940884663084,3.4495245969408845,1.1348033996861053,1.2199421030725786,1.1912773295646009,28.867258085120046,7.679154175209066,2.3558794594517027,1.058275945161004,1.7364572064381938,Sales,1,7,210,210
jena_weather/10T/short,48,gift_horizon_specific_v1,UniScale_Seasonal_Naive,statsforecast-native-v1,1986.203409790868,1986.203409790868,10.556469718349954,0.7428874678497485,0.8774809544936547,0.3936214672703597,20.65580438291236,44.56684204417975,0.2768159563316413,0.0655689101254748,0.15520092913445638,Nature,21,20,960,960
jena_weather/H/short,48,gift_horizon_specific_v1,UniScale_Seasonal_Naive,statsforecast-native-v1,1941.955790630714,1941.955790630714,11.03569440948686,0.7229102186326934,1.134993627537808,0.40077708570535964,17.382580636130626,44.067627467685554,0.2701317302513315,0.06764809899388485,0.1542078923756838,Nature,21,19,912,912
kdd_cup_2018/H/short,48,gift_horizon_specific_v1,UniScale_Seasonal_Naive,statsforecast-native-v1,5615.975861973159,5615.975861973159,32.23957251626826,1.340425278488217,1.4218929158865343,0.6653979858597819,11.487358247884437,74.93981493153795,1.568626051940218,0.6748326426831273,0.5475365849181256,Nature,1,20,960,960
loop_seattle/5T/short,48,gift_horizon_specific_v1,UniScale_Seasonal_Naive,statsforecast-native-v1,76.27992270202381,76.27992270202381,4.806023369311241,0.7623397117792324,0.13014939093222969,0.10246611448868728,9.641956467064475,8.733837799159303,0.14976603643119052,0.08241269045398397,0.08083202555766382,Transport,1,20,960,960
loop_seattle/H/short,48,gift_horizon_specific_v1,UniScale_Seasonal_Naive,statsforecast-native-v1,125.56935572596751,125.56935572596751,6.35161519317121,1.2928412613285252,0.17103897118690264,0.14238265431722688,14.22491155483123,11.2057733211933,0.198353586066316,0.1124300496509279,0.1042350851782227,Transport,1,19,912,912
m_dense/H/short,48,gift_horizon_specific_v1,UniScale_Seasonal_Naive,statsforecast-native-v1,145691.31329109173,145691.31329109173,180.18139854893087,1.4875444172682804,0.5399731898728485,0.39081952669979886,14.354127512279128,381.6953147355777,0.6770324176622134,0.31959692238258164,0.2747978862440348,Transport,1,20,960,960
saugeen/D/short,30,gift_horizon_specific_v1,UniScale_Seasonal_Naive,statsforecast-native-v1,994.7776463267976,994.7776463267976,15.372500077883403,3.4130492934385144,0.471352178719223,0.42423750886290756,58.711126867201514,31.540095851579107,1.0215912195467816,0.4979189402578062,0.5850141690880181,Nature,1,20,600,600
saugeen/W/short,8,gift_horizon_specific_v1,UniScale_Seasonal_Naive,statsforecast-native-v1,1800.4890271472395,1800.4890271472395,24.552410590648652,1.9906580047824172,0.8241611783130651,0.5578661086277535,23.291067838389754,42.43216972000418,1.280850326422162,0.7411349296299942,0.7340352249903721,Nature,1,20,160,160
solar/10T/short,48,gift_horizon_specific_v1,UniScale_Seasonal_Naive,statsforecast-native-v1,37.917036822115286,37.917036822115286,2.5271684901163134,1.105702806519575,4.404911989304371,0.925039645585859,18.785745694305515,6.157681123776651,1.7912687720711777,0.7351530400994855,0.8595387002911382,Energy,1,20,960,960
solar/H/short,48,gift_horizon_specific_v1,UniScale_Seasonal_Naive,statsforecast-native-v1,1009.7531597944361,1009.7531597944361,12.299659842302773,0.9519362456858694,3.8670856142059904,0.62004998064106,16.15202020926879,31.776613409777262,1.1712965712024392,0.45336956504662834,0.5916559796492346,Energy,1,19,912,912
sz_taxi/15T/short,48,gift_horizon_specific_v1,UniScale_Seasonal_Naive,statsforecast-native-v1,31.238228285801103,31.238228285801103,3.818324381941831,0.7644167736457568,1312692278285.288,0.5383217763581113,7.055930143930047,5.589116950449427,0.5226063603802586,0.3570296749359238,0.3087068634800994,Transport,1,7,336,336
us_births/D/short,30,gift_horizon_specific_v1,UniScale_Seasonal_Naive,statsforecast-native-v1,2855120.3533333335,2855120.3533333335,1266.88,1.8648391912491094,0.12472814404633221,0.12333613796137627,22.7305815777711,1689.7101388502508,0.1583966143102848,0.11875971986174946,0.11952686586312443,Healthcare,1,20,600,600
bitbrains_fast_storage/5T/medium,480,gift_horizon_specific_v1,UniScale_Seasonal_Naive,statsforecast-native-v1,5191990.566125074,5191990.566125074,332.75294047230443,1.2202713598056927,5.768419439398111,0.45161518888258767,36.13464659675193,2278.593988872321,6.922997710782052,1.010995313950529,1.197912864471234,Web/CloudOps,2,2,960,960
bitbrains_fast_storage/5T/long,720,gift_horizon_specific_v1,UniScale_Seasonal_Naive,statsforecast-native-v1,6473012.71831909,6473012.71831909,404.5292148478698,1.1366422321001453,6.462525801914906,0.5033019262653223,32.16149532222773,2544.211610365594,6.723591690080609,1.0690499391892692,1.1773076884933498,Web/CloudOps,2,2,1440,1440
bitbrains_rnd/5T/medium,480,gift_horizon_specific_v1,UniScale_Seasonal_Naive,statsforecast-native-v1,3267017.8975722254,3267017.8975722254,204.81285172794617,4.542392314885998,2.7503063508106953,0.39184295626307597,178.58185801720427,1807.4893907219,7.605029248953637,0.8617520722102475,1.169291240318518,Web/CloudOps,2,2,960,960
bitbrains_rnd/5T/long,720,gift_horizon_specific_v1,UniScale_Seasonal_Naive,statsforecast-native-v1,3851065.2993237046,3851065.2993237046,237.4491824866119,3.5012579045235244,3.1794052881326653,0.4034858201284666,137.13909217007821,1962.413131663082,7.51756233524682,0.909614291708158,1.1752204699604023,Web/CloudOps,2,2,1440,1440
bizitobs_l2c/5T/medium,480,gift_horizon_specific_v1,UniScale_Seasonal_Naive,statsforecast-native-v1,294.6661626039563,294.6661626039563,12.864579939566628,1.2435997989543754,0.9360730011886819,1.1668088966732781,7.637297225104499,17.165842903975218,0.9031757714011774,0.6768660866621069,0.52039177455084,Web/CloudOps,7,7,3360,3360
bizitobs_l2c/5T/long,720,gift_horizon_specific_v1,UniScale_Seasonal_Naive,statsforecast-native-v1,416.3393595561876,416.3393595561876,15.3536095360838,1.4542830442928587,1.0210265206397733,1.2986527705573916,8.166517528846823,20.40439559399365,1.145676307976533,0.8620822217636156,0.648492126471023,Web/CloudOps,7,5,3600,3600
bizitobs_l2c/H/medium,480,gift_horizon_specific_v1,UniScale_Seasonal_Naive,statsforecast-native-v1,456.3733054169009,456.3733054169009,15.667391881934323,1.5102861219937118,1.6912908557583248,1.4024095621369181,18.533652957428664,21.362895529794198,1.2935557727039881,0.948684375852817,0.9042051379030577,Web/CloudOps,7,1,480,480
bizitobs_l2c/H/long,720,gift_horizon_specific_v1,UniScale_Seasonal_Naive,statsforecast-native-v1,309.2722378267988,309.2722378267988,13.635488898029166,1.4260541522843406,2.438310461971721,0.9168537782672305,22.03619777433281,17.586137660862285,1.074212045044413,0.8328950163360718,0.9410651274656231,Web/CloudOps,7,1,720,720
electricity/15T/medium,480,gift_horizon_specific_v1,UniScale_Seasonal_Naive,statsforecast-native-v1,373592.98170401,373592.98170401,70.78214511460428,1.1507882040712938,0.21527551422346294,0.16201943162328916,12.499327514585529,611.2225304289838,1.0531979641355538,0.12196476311095347,0.1127548498424603,Energy,1,20,9600,9600
electricity/15T/long,720,gift_horizon_specific_v1,UniScale_Seasonal_Naive,statsforecast-native-v1,432425.1136896622,432425.1136896622,73.83207870817505,1.1635317074801095,0.19999027076361325,0.15677216846465175,14.199582312241656,657.5903844260971,1.0374294435679017,0.11647915502677444,0.11255332059997462,Energy,1,20,14400,14400
electricity/H/medium,480,gift_horizon_specific_v1,UniScale_Seasonal_Naive,statsforecast-native-v1,8353588.30294658,8353588.30294658,308.201523511147,1.3924537850959529,0.3866618962756037,0.15667597270181272,20.691509426768835,2890.2574803893476,1.1281627148973894,0.12030120840756661,0.12738701471484642,Energy,1,8,3840,3840
electricity/H/long,720,gift_horizon_specific_v1,UniScale_Seasonal_Naive,statsforecast-native-v1,13526606.595532995,13526606.595532995,357.20643690090645,1.5240786163583666,0.3605111655247409,0.16771685793702645,24.62813650459389,3677.8535310059583,1.4505443001483043,0.14088210872312068,0.1534183911456428,Energy,1,5,3600,3600
ett1/15T/medium,480,gift_horizon_specific_v1,UniScale_Seasonal_Naive,statsforecast-native-v1,12.883656992464926,12.883656992464926,1.838909287248546,1.188305978848509,0.9080555497013477,0.42800253044110276,12.409647312481647,3.589381143381812,0.684139594902722,0.3504979283575762,0.3215511684253036,Energy,7,15,7200,7200
ett1/15T/long,720,gift_horizon_specific_v1,UniScale_Seasonal_Naive,statsforecast-native-v1,13.02314812515622,13.02314812515622,1.855752994943972,1.1908857060716118,0.9840622413000081,0.42044199190772646,13.893106767673567,3.608759915144844,0.6878332079613736,0.35370835569841624,0.34017934522818005,Energy,7,10,7200,7200
kdd_cup_2018/H/medium,480,gift_horizon_specific_v1,UniScale_Seasonal_Naive,statsforecast-native-v1,5785.597383393532,5785.597383393532,31.321327111800915,1.4289997073647827,1.637837342380564,0.6550328973378818,21.848163004833765,76.06311447339986,1.592138655818119,0.6556120662619157,0.7587891689610204,Nature,1,2,960,960
kdd_cup_2018/H/long,720,gift_horizon_specific_v1,UniScale_Seasonal_Naive,statsforecast-native-v1,4863.886449365398,4863.886449365398,29.60343945888454,1.3355336656461645,1.3504098617111324,0.8098964521588793,25.694140049509635,69.7415690199568,1.6364189923725512,0.6946162991573555,0.9362833367919572,Nature,1,2,1440,1440
ett1/H/medium,480,gift_horizon_specific_v1,UniScale_Seasonal_Naive,statsforecast-native-v1,204.5187225901712,204.5187225901712,8.163152510319128,1.5678007464523998,2345799638756.5957,0.45697085501115153,22.4212784150534,14.301004251106676,0.6849842032170037,0.3909956545595129,0.4349118288751455,Energy,7,4,1920,1920
ett1/H/long,720,gift_horizon_specific_v1,UniScale_Seasonal_Naive,statsforecast-native-v1,199.49485911331846,199.49485911331846,7.749353203373079,1.478701287480662,2646635821937.459,0.4772155246699948,25.350825059217094,14.124264905237315,0.6763804552778683,0.37109974097575327,0.4710624864152012,Energy,7,3,2160,2160
ett2/15T/medium,480,gift_horizon_specific_v1,UniScale_Seasonal_Naive,statsforecast-native-v1,14.948670316151519,14.948670316151519,2.4787873469908086,1.051239150135547,0.1650384284625315,0.1899925669409984,13.312452998483137,3.8663510337463562,0.20604484519126082,0.1320990646516354,0.12412877712988989,Energy,7,15,7200,7200
ett2/15T/long,720,gift_horizon_specific_v1,UniScale_Seasonal_Naive,statsforecast-native-v1,13.674990039485056,13.674990039485056,2.3622061614905085,1.0126577750962622,0.16098180129268203,0.18944702188328788,15.63389640678948,3.6979710706663265,0.19707157216888915,0.12588624224907471,0.13282444685997616,Energy,7,10,7200,7200
ett2/H/medium,480,gift_horizon_specific_v1,UniScale_Seasonal_Naive,statsforecast-native-v1,338.06856627204303,338.06856627204303,11.509515609139843,1.238424973001897,0.2011712570677044,0.1975470629784605,25.27132337017983,18.386640973055492,0.24777181111827365,0.1550981243256809,0.18620508192429827,Energy,7,4,1920,1920
ett2/H/long,720,gift_horizon_specific_v1,UniScale_Seasonal_Naive,statsforecast-native-v1,258.84832873529615,258.84832873529615,10.0117958645972,1.1284016695734669,0.19021283615923587,0.18827246996699787,30.70849266803868,16.088764052446543,0.22032324087093016,0.13710383871847515,0.20790633362858252,Energy,7,3,2160,2160
jena_weather/10T/medium,480,gift_horizon_specific_v1,UniScale_Seasonal_Naive,statsforecast-native-v1,2572.8219526229577,2572.8219526229577,12.447531306287267,0.7160100392244082,0.8990537881240428,0.40239567112359736,27.512188371455842,50.72299234689292,0.31128613690671747,0.0763902868320611,0.21183608983956295,Nature,21,11,5280,5280
jena_weather/10T/long,720,gift_horizon_specific_v1,UniScale_Seasonal_Naive,statsforecast-native-v1,2044.5378453750518,2044.5378453750518,11.441627754362592,0.7614923704178127,0.771816011998667,0.4043349449508371,32.10701037097091,45.21656605023265,0.27668792101230916,0.07001328214164623,0.23719491326378092,Nature,21,8,5760,5760
jena_weather/H/medium,480,gift_horizon_specific_v1,UniScale_Seasonal_Naive,statsforecast-native-v1,1951.811160364957,1951.811160364957,12.670400178447178,0.8886133410739714,1.7017067026275752,0.45474790170375196,42.2863460039537,44.17930692490498,0.2703410144102937,0.07753242582659967,0.3428055211637902,Nature,21,2,960,960
jena_weather/H/long,720,gift_horizon_specific_v1,UniScale_Seasonal_Naive,statsforecast-native-v1,2714.10104534762,2714.10104534762,15.679836603684555,1.2677178475879953,1.8661277070926356,0.5020780855476729,51.12777043146874,52.09703489976776,0.3136818697389802,0.09440998844768031,0.4191434094146837,Nature,21,2,1440,1440
loop_seattle/5T/medium,480,gift_horizon_specific_v1,UniScale_Seasonal_Naive,statsforecast-native-v1,149.9142232644698,149.9142232644698,7.272514356175136,1.1532851467999472,0.2243716767467076,0.16228546428616888,12.16170814731083,12.243946392583961,0.2178449678422791,0.12939297553712492,0.11727937957055946,Transport,1,20,9600,9600
loop_seattle/5T/long,720,gift_horizon_specific_v1,UniScale_Seasonal_Naive,statsforecast-native-v1,172.44409377477407,172.44409377477407,7.891543838736552,1.2506857542723633,0.2303697339083055,0.17614618987804076,12.853493821671925,13.13179705047158,0.23217287157478103,0.1395241174650913,0.12716656793492073,Transport,1,15,10800,10800
loop_seattle/H/medium,480,gift_horizon_specific_v1,UniScale_Seasonal_Naive,statsforecast-native-v1,153.75436035434126,153.75436035434126,7.2192027080085195,1.4805126193610998,0.20086052465410434,0.16072293070535065,25.495305286811803,12.399772592847873,0.21916459281181708,0.12759859990007041,0.16208091207003444,Transport,1,2,960,960
loop_seattle/H/long,720,gift_horizon_specific_v1,UniScale_Seasonal_Naive,statsforecast-native-v1,167.06095534744705,167.06095534744705,7.511453192707473,1.546026875629892,0.23476950088695253,0.16369715339297627,30.628060601815797,12.925206201351182,0.2309907258958194,0.1342397172228159,0.1870944876868091,Transport,1,2,1440,1440
m_dense/H/medium,480,gift_horizon_specific_v1,UniScale_Seasonal_Naive,statsforecast-native-v1,158402.70827540645,158402.70827540645,189.10064121877153,1.5699465118628486,0.5428334545699143,0.3979953764003341,22.89829938243023,397.99837722710186,0.6924668946227714,0.3290112253930586,0.3773835985181592,Transport,1,4,1920,1920
m_dense/H/long,720,gift_horizon_specific_v1,UniScale_Seasonal_Naive,statsforecast-native-v1,137584.0573873051,137584.0573873051,175.82388710565772,1.4779178745268122,0.4978061022720645,0.38833715952564224,27.648193919435094,370.92324999560907,0.6421229781693568,0.30437714007664446,0.41895078948633335,Transport,1,3,2160,2160
solar/10T/medium,480,gift_horizon_specific_v1,UniScale_Seasonal_Naive,statsforecast-native-v1,29.22898426455863,29.22898426455863,2.118083041560757,0.9270005407497468,3.21956823861823,0.6587354965462306,15.807425581041555,5.4063836586537795,1.1996980849336956,0.4700110700844557,0.655063598207076,Energy,1,11,5280,5280
solar/10T/long,720,gift_horizon_specific_v1,UniScale_Seasonal_Naive,statsforecast-native-v1,26.90307893205802,26.90307893205802,1.995840239251223,0.8709317965851564,2.3100404880226333,0.6597687926679111,18.20219103395927,5.186817804016063,1.1210477099511622,0.43136894608261694,0.673849495765364,Energy,1,8,5760,5760
solar/H/medium,480,gift_horizon_specific_v1,UniScale_Seasonal_Naive,statsforecast-native-v1,993.4109389764711,993.4109389764711,12.224458237182901,0.9349685904330063,5.243116910577988,0.5680373751739957,29.963349179608116,31.518422215848165,1.1353670839835008,0.4403534988832545,0.9459874280739857,Energy,1,2,960,960
solar/H/long,720,gift_horizon_specific_v1,UniScale_Seasonal_Naive,statsforecast-native-v1,1160.9764980507775,1160.9764980507775,13.99533226177195,1.0711966474341135,5.330135865997001,0.7115105074390322,36.287619872037226,34.073105201181434,1.1813767965376019,0.4852437339147537,1.0779765484284825,Energy,1,2,1440,1440
sz_taxi/15T/medium,480,gift_horizon_specific_v1,UniScale_Seasonal_Naive,statsforecast-native-v1,28.930444683287195,28.930444683287195,3.6711449245167427,0.7134840539481987,18917889879692.953,0.5172677421198881,10.816848076750814,5.378702881112433,0.5005780817255233,0.34166131215467077,0.3791721589395142,Transport,1,1,480,480
sz_taxi/15T/long,720,gift_horizon_specific_v1,UniScale_Seasonal_Naive,statsforecast-native-v1,28.48211598370162,28.48211598370162,3.6789685910379997,0.6909431345378894,3284113311203.497,0.5217546238795174,12.685375985818899,5.336863871573044,0.4939706133053959,0.3405187793764501,0.4279704057318517,Transport,1,1,720,720
