run_key,experiment_name,run_timestamp,experiment_protocol,dataset,model,adapter,checkpoint,parameters_total_m,parameters_active_m,H,H_source,origin_policy,origin_horizon,origin_distance,L,L_source,available_context_min,available_context_max,effective_context_min,effective_context_max,requested_batch_size,effective_batch_size,effective_samples_per_batch,batch_recovery_events,instance_shard_index,instance_shard_count,instance_count,valid_target_count,sum_absolute_label,per_core_batch_size,num_samples,seed,torch_dtype,output_strategy,model_call_horizon,native_output_block,native_rollout_mechanism,eval_metrics/MSE[mean],eval_metrics/MSE[0.5],eval_metrics/MAE[0.5],eval_metrics/MASE[0.5],eval_metrics/MAPE[0.5],eval_metrics/sMAPE[0.5],eval_metrics/MSIS,eval_metrics/RMSE[mean],eval_metrics/NRMSE[mean],eval_metrics/ND[0.5],eval_metrics/mean_weighted_sum_quantile_loss,raw_mase,seasonal_naive_mase,rel_mase,log_rel_mase,raw_crps,seasonal_naive_crps,rel_crps,log_rel_crps,domain,num_variates
bitbrains_fast_storage/5T/medium|H=480|L=128|Hsrc=gift_default|Lsrc=controlled|origins=gift_horizon_specific_v1,context-scaling,release,standard_hl_gift_v1,bitbrains_fast_storage/5T/medium,chronos_bolt_small,chronos,chronos-bolt-small,47.718016,47.718016,480,gift_default,gift_horizon_specific_v1,,480,128,controlled,7680,8160,128,128,256,256,20,[],merged,2,2500,2333990,768195469.1518872,,20,,float32,official_horizon_generation,,64,append_crop,3781071.794539394,3781071.794539394,306.710420252711,1.5093282272561983,5.440029418673421,0.7967334739812509,90.30564724453166,1944.4978257996058,5.907921437558863,0.9318709658050401,0.7850982223478535,1.5093282272561983,1.2202713598056927,1.2368791704629805,0.2125914091430202,0.7850982223478535,1.197912864471234,0.6553884223410529,-0.4225272079008347,Web/CloudOps,2
bitbrains_fast_storage/5T/medium|H=480|L=256|Hsrc=gift_default|Lsrc=controlled|origins=gift_horizon_specific_v1,context-scaling,release,standard_hl_gift_v1,bitbrains_fast_storage/5T/medium,chronos_bolt_small,chronos,chronos-bolt-small,47.718016,47.718016,480,gift_default,gift_horizon_specific_v1,,480,256,controlled,7680,8160,256,256,256,256,20,[],merged,2,2500,2333990,768195469.1518872,,20,,float32,official_horizon_generation,,64,append_crop,3318697.683693161,3318697.683693161,284.0355499327332,1.100641115497412,4.410733865061,0.8009565667322911,28.678195004702797,1821.7293113119636,5.534916783619205,0.862978447294675,0.7126756003406182,1.100641115497412,1.2202713598056927,0.9019642284095485,-0.10318041778845642,0.7126756003406182,1.197912864471234,0.5949310851212851,-0.5193097034701178,Web/CloudOps,2
bitbrains_fast_storage/5T/medium|H=480|L=512|Hsrc=gift_default|Lsrc=controlled|origins=gift_horizon_specific_v1,context-scaling,release,standard_hl_gift_v1,bitbrains_fast_storage/5T/medium,chronos_bolt_small,chronos,chronos-bolt-small,47.718016,47.718016,480,gift_default,gift_horizon_specific_v1,,480,512,controlled,7680,8160,512,512,256,256,20,[],merged,2,2500,2333990,768195469.1518872,,20,,float32,official_horizon_generation,,64,append_crop,3409921.664872172,3409921.664872172,282.99557522740037,1.0583650042006834,4.620630398130277,0.8045207690210755,27.700343717186,1846.5973207150962,5.610472664378171,0.8598187169135787,0.7174104859711108,1.0583650042006834,1.2202713598056927,0.8673193840829059,-0.14234799162460743,0.7174104859711108,1.197912864471234,0.5988836978454022,-0.5126878602434877,Web/CloudOps,2
bitbrains_fast_storage/5T/medium|H=480|L=1024|Hsrc=gift_default|Lsrc=controlled|origins=gift_horizon_specific_v1,context-scaling,release,standard_hl_gift_v1,bitbrains_fast_storage/5T/medium,chronos_bolt_small,chronos,chronos-bolt-small,47.718016,47.718016,480,gift_default,gift_horizon_specific_v1,,480,1024,controlled,7680,8160,1024,1024,256,128,20,[],merged,2,2500,2333990,768195469.1518872,,20,,float32,official_horizon_generation,,64,append_crop,3540660.044906362,3540660.044906362,294.64866821408833,1.0536194053114247,5.012576803615382,0.8176053734698949,26.914225522370263,1881.6641690020995,5.7170154344412945,0.8952240318264972,0.7443722207374996,1.0536194053114247,1.2202713598056927,0.8634304139361229,-0.1468419707038707,0.7443722207374996,1.197912864471234,0.6213909565668368,-0.4757948354492759,Web/CloudOps,2
bitbrains_fast_storage/5T/medium|H=480|L=2048|Hsrc=gift_default|Lsrc=controlled|origins=gift_horizon_specific_v1,context-scaling,release,standard_hl_gift_v1,bitbrains_fast_storage/5T/medium,chronos_bolt_small,chronos,chronos-bolt-small,47.718016,47.718016,480,gift_default,gift_horizon_specific_v1,,480,2048,controlled,7680,8160,2048,2048,256,128,20,[],merged,2,2500,2333990,768195469.1518872,,20,,float32,official_horizon_generation,,64,append_crop,3441254.7455983106,3441254.7455983106,294.7090792618006,1.0550422435294182,4.961934502775817,0.8232196478231625,26.362171517970317,1855.061925003667,5.636190470010757,0.8954075772741236,0.741481402394071,1.0550422435294182,1.2202713598056927,0.8645964154214155,-0.1454924526958821,0.741481402394071,1.197912864471234,0.6189777440292916,-0.47968596166235766,Web/CloudOps,2
bitbrains_rnd/5T/medium|H=480|L=128|Hsrc=gift_default|Lsrc=controlled|origins=gift_horizon_specific_v1,context-scaling,release,standard_hl_gift_v1,bitbrains_rnd/5T/medium,chronos_bolt_small,chronos,chronos-bolt-small,47.718016,47.718016,480,gift_default,gift_horizon_specific_v1,,480,128,controlled,7680,8160,128,128,256,256,20,[],merged,2,1000,940216,223461393.65270868,,20,,float32,official_horizon_generation,,64,append_crop,2194161.992843134,2194161.992843134,159.01236993015434,5.401051184131624,1.0557625500382861,0.7219235809244897,252.98459796972057,1481.2703982876096,6.232459692616356,0.6690461021584959,0.6115135028782958,5.401051184131624,4.542392314885998,1.1890323005416534,0.1731397834806556,0.6115135028782958,1.169291240318518,0.522977921832133,-0.648216030278379,Web/CloudOps,2
bitbrains_rnd/5T/medium|H=480|L=256|Hsrc=gift_default|Lsrc=controlled|origins=gift_horizon_specific_v1,context-scaling,release,standard_hl_gift_v1,bitbrains_rnd/5T/medium,chronos_bolt_small,chronos,chronos-bolt-small,47.718016,47.718016,480,gift_default,gift_horizon_specific_v1,,480,256,controlled,7680,8160,256,256,256,256,20,[],merged,2,1000,940216,223461393.65270868,,20,,float32,official_horizon_generation,,64,append_crop,2211861.8821153864,2211861.8821153864,169.22907207958065,4.651208830987239,1.226508434992535,0.7294363991226485,169.74011376032283,1487.2329616154243,6.257547236152118,0.7120329764060179,0.6399625613101636,4.651208830987239,4.542392314885998,1.0239557723238997,0.023673334594612332,0.6399625613101636,1.169291240318518,0.5473080950609329,-0.6027433900391587,Web/CloudOps,2
bitbrains_rnd/5T/medium|H=480|L=512|Hsrc=gift_default|Lsrc=controlled|origins=gift_horizon_specific_v1,context-scaling,release,standard_hl_gift_v1,bitbrains_rnd/5T/medium,chronos_bolt_small,chronos,chronos-bolt-small,47.718016,47.718016,480,gift_default,gift_horizon_specific_v1,,480,512,controlled,7680,8160,512,512,256,256,20,[],merged,2,1000,940216,223461393.65270868,,20,,float32,official_horizon_generation,,64,append_crop,2193224.5547161507,2193224.5547161507,154.22317891912604,4.475992244014975,0.6693495356823606,0.7483540933014329,166.7615611363632,1480.9539340290605,6.2311281661524225,0.6488955341251509,0.5990484251379674,4.475992244014975,4.542392314885998,0.9853821364893074,-0.01472575721874385,0.5990484251379674,1.169291240318518,0.5123175514209659,-0.6688106285790133,Web/CloudOps,2
bitbrains_rnd/5T/medium|H=480|L=1024|Hsrc=gift_default|Lsrc=controlled|origins=gift_horizon_specific_v1,context-scaling,release,standard_hl_gift_v1,bitbrains_rnd/5T/medium,chronos_bolt_small,chronos,chronos-bolt-small,47.718016,47.718016,480,gift_default,gift_horizon_specific_v1,,480,1024,controlled,7680,8160,1024,1024,256,256,20,[],merged,2,1000,940216,223461393.65270868,,20,,float32,official_horizon_generation,,64,append_crop,3039795.8635877287,3039795.8635877287,204.45907911719223,4.473586764152111,2.312831625625071,0.7608882061409293,166.17220980178945,1743.5010363024533,7.3357976675640275,0.8602635756850782,0.7815467216801675,4.473586764152111,4.542392314885998,0.9848525741582466,-0.015263319917189298,0.7815467216801675,1.169291240318518,0.6683935487853925,-0.40287813403489664,Web/CloudOps,2
bitbrains_rnd/5T/medium|H=480|L=2048|Hsrc=gift_default|Lsrc=controlled|origins=gift_horizon_specific_v1,context-scaling,release,standard_hl_gift_v1,bitbrains_rnd/5T/medium,chronos_bolt_small,chronos,chronos-bolt-small,47.718016,47.718016,480,gift_default,gift_horizon_specific_v1,,480,2048,controlled,7680,8160,2048,2048,256,128,20,[],merged,2,1000,940216,223461393.65270868,,20,,float32,official_horizon_generation,,64,append_crop,2941294.8810635004,2941294.8810635004,196.51425127975912,4.476954571665075,2.1569066566795803,0.7858743529412391,165.56296993814098,1715.0203733668882,7.2159649996256805,0.826835634831862,0.7575156885978507,4.476954571665075,4.542392314885998,0.9855939912969484,-0.014510782714009688,0.7575156885978507,1.169291240318518,0.6478417544558885,-0.4341088185396159,Web/CloudOps,2
bizitobs_l2c/5T/medium|H=480|L=128|Hsrc=gift_default|Lsrc=controlled|origins=gift_horizon_specific_v1,context-scaling,release,standard_hl_gift_v1,bizitobs_l2c/5T/medium,chronos_bolt_small,chronos,chronos-bolt-small,47.718016,47.718016,480,gift_default,gift_horizon_specific_v1,,480,128,controlled,28608,31488,128,128,256,256,20,[],merged,2,7,23520,447023.29999017715,,20,,float32,official_horizon_generation,,64,append_crop,218.07635522959183,218.07635522959183,10.486942628613946,1.023517077181322,0.700085417535372,1.0142387961043793,26.287087349044576,14.767408548204788,0.7769828755266421,0.5517674148761819,0.5059251443351809,1.023517077181322,1.2435997989543754,0.8230276959210672,-0.19476542647631803,0.5059251443351809,0.52039177455084,0.972200501769757,-0.028193218253082342,Web/CloudOps,7
bizitobs_l2c/5T/medium|H=480|L=256|Hsrc=gift_default|Lsrc=controlled|origins=gift_horizon_specific_v1,context-scaling,release,standard_hl_gift_v1,bizitobs_l2c/5T/medium,chronos_bolt_small,chronos,chronos-bolt-small,47.718016,47.718016,480,gift_default,gift_horizon_specific_v1,,480,256,controlled,28608,31488,256,256,256,256,20,[],merged,2,7,23520,447023.29999017715,,20,,float32,official_horizon_generation,,64,append_crop,200.80009034863946,200.80009034863946,9.689284717793367,0.951907843832167,0.669957191164685,1.0021294626248938,24.98099794661008,14.170394855071592,0.7455711749222188,0.5097988775249694,0.46999427692643486,0.951907843832167,1.2435997989543754,0.7654454790299384,-0.26729728911198697,0.46999427692643486,0.52039177455084,0.9031546998068828,-0.10186142262274296,Web/CloudOps,7
bizitobs_l2c/5T/medium|H=480|L=512|Hsrc=gift_default|Lsrc=controlled|origins=gift_horizon_specific_v1,context-scaling,release,standard_hl_gift_v1,bizitobs_l2c/5T/medium,chronos_bolt_small,chronos,chronos-bolt-small,47.718016,47.718016,480,gift_default,gift_horizon_specific_v1,,480,512,controlled,28608,31488,512,512,256,256,20,[],merged,2,7,23520,447023.29999017715,,20,,float32,official_horizon_generation,,64,append_crop,221.10572916666666,221.10572916666666,9.633803677721088,0.945787976009404,0.6756732983167976,0.9624000186011905,23.7885214624269,14.869624378802131,0.7823609315154516,0.5068797588514491,0.4637320610885292,0.945787976009404,1.2435997989543754,0.7605243879941336,-0.27374709942861414,0.4637320610885292,0.52039177455084,0.8911210433500514,-0.1152750096158637,Web/CloudOps,7
bizitobs_l2c/5T/medium|H=480|L=1024|Hsrc=gift_default|Lsrc=controlled|origins=gift_horizon_specific_v1,context-scaling,release,standard_hl_gift_v1,bizitobs_l2c/5T/medium,chronos_bolt_small,chronos,chronos-bolt-small,47.718016,47.718016,480,gift_default,gift_horizon_specific_v1,,480,1024,controlled,28608,31488,1024,1024,256,256,20,[],merged,2,7,23520,447023.29999017715,,20,,float32,official_horizon_generation,,64,append_crop,209.20416666666668,209.20416666666668,9.671903566113945,0.967198579815643,0.6600948907077453,0.8948263778167517,21.627589270661925,14.46389182297305,0.7610134319258112,0.5088843733201349,0.4527385647609907,0.967198579815643,1.2435997989543754,0.7777410229793122,-0.2513616855669697,0.4527385647609907,0.52039177455084,0.8699956204184011,-0.13926710134801615,Web/CloudOps,7
bizitobs_l2c/5T/medium|H=480|L=2048|Hsrc=gift_default|Lsrc=controlled|origins=gift_horizon_specific_v1,context-scaling,release,standard_hl_gift_v1,bizitobs_l2c/5T/medium,chronos_bolt_small,chronos,chronos-bolt-small,47.718016,47.718016,480,gift_default,gift_horizon_specific_v1,,480,2048,controlled,28608,31488,2048,2048,256,256,20,[],merged,2,7,23520,447023.29999017715,,20,,float32,official_horizon_generation,,64,append_crop,176.87468112244898,176.87468112244898,9.227001953125,0.915885695876438,0.5767013263680383,0.9309165487484056,19.5656608628401,13.299424089878816,0.699745303210869,0.4854760052602824,0.4314988927215341,0.915885695876438,1.2435997989543754,0.7364794499376077,-0.30587394579376964,0.4314988927215341,0.52039177455084,0.829180847629594,-0.1873169960948908,Web/CloudOps,7
bizitobs_l2c/H/medium|H=480|L=128|Hsrc=gift_default|Lsrc=controlled|origins=gift_horizon_specific_v1,context-scaling,release,standard_hl_gift_v1,bizitobs_l2c/H/medium,chronos_bolt_small,chronos,chronos-bolt-small,47.718016,47.718016,480,gift_default,gift_horizon_specific_v1,,480,128,controlled,2184,2184,128,128,256,256,20,[],merged,2,7,3360,55489.936727546155,,20,,float32,official_horizon_generation,,64,append_crop,566.1678199404762,566.1678199404762,17.423951357886907,1.6671813284761108,1.679596712578888,1.565542239234561,31.292203934852132,23.794281244460322,1.4407798908463838,1.055046734869271,0.9273948556170217,1.6671813284761108,1.5102861219937118,1.1038844257373452,0.09883525554273988,0.9273948556170217,0.9042051379030577,1.0256465228319134,0.02532316773104195,Web/CloudOps,7
bizitobs_l2c/H/medium|H=480|L=256|Hsrc=gift_default|Lsrc=controlled|origins=gift_horizon_specific_v1,context-scaling,release,standard_hl_gift_v1,bizitobs_l2c/H/medium,chronos_bolt_small,chronos,chronos-bolt-small,47.718016,47.718016,480,gift_default,gift_horizon_specific_v1,,480,256,controlled,2184,2184,256,256,256,256,20,[],merged,2,7,3360,55489.936727546155,,20,,float32,official_horizon_generation,,64,append_crop,384.176171875,384.176171875,14.225467354910714,1.2736297595897166,1.5577337375436568,1.098068091982887,13.667906891634336,19.60041254349,1.1868347673468091,0.8613736675747995,0.7029389840037441,1.2736297595897166,1.5102861219937118,0.8433036237586639,-0.17042821529389499,0.7029389840037441,0.9042051379030577,0.7774109596788291,-0.2517861628002172,Web/CloudOps,7
bizitobs_l2c/H/medium|H=480|L=512|Hsrc=gift_default|Lsrc=controlled|origins=gift_horizon_specific_v1,context-scaling,release,standard_hl_gift_v1,bizitobs_l2c/H/medium,chronos_bolt_small,chronos,chronos-bolt-small,47.718016,47.718016,480,gift_default,gift_horizon_specific_v1,,480,512,controlled,2184,2184,512,512,256,256,20,[],merged,2,7,3360,55489.936727546155,,20,,float32,official_horizon_generation,,64,append_crop,121.34286644345238,121.34286644345238,7.151338704427084,0.730767995610788,0.7688731219398222,0.8833419799804687,9.355406857412806,11.015573813626432,0.6670097353960626,0.43302442684074716,0.3589007846089055,0.730767995610788,1.5102861219937118,0.483860630756581,-0.7259583667141964,0.3589007846089055,0.9042051379030577,0.3969240712801438,-0.9240102728080504,Web/CloudOps,7
bizitobs_l2c/H/medium|H=480|L=1024|Hsrc=gift_default|Lsrc=controlled|origins=gift_horizon_specific_v1,context-scaling,release,standard_hl_gift_v1,bizitobs_l2c/H/medium,chronos_bolt_small,chronos,chronos-bolt-small,47.718016,47.718016,480,gift_default,gift_horizon_specific_v1,,480,1024,controlled,2184,2184,1024,1024,256,256,20,[],merged,2,7,3360,55489.936727546155,,20,,float32,official_horizon_generation,,64,append_crop,95.16302548363095,95.16302548363095,5.9996369861421135,0.6293029265497896,0.5947983509257364,0.833743431454613,7.540943924804138,9.755153790875413,0.5906893874879869,0.3632871374933527,0.3013826393220008,0.6293029265497896,1.5102861219937118,0.416677950876655,-0.8754416556166416,0.3013826393220008,0.9042051379030577,0.3333122393231887,-1.0986755727009356,Web/CloudOps,7
bizitobs_l2c/H/medium|H=480|L=2048|Hsrc=gift_default|Lsrc=controlled|origins=gift_horizon_specific_v1,context-scaling,release,standard_hl_gift_v1,bizitobs_l2c/H/medium,chronos_bolt_small,chronos,chronos-bolt-small,47.718016,47.718016,480,gift_default,gift_horizon_specific_v1,,480,2048,controlled,2184,2184,2048,2048,256,256,20,[],merged,2,7,3360,55489.936727546155,,20,,float32,official_horizon_generation,,64,append_crop,82.11691313244047,82.11691313244047,5.431678699311756,0.571375877251771,0.547884982615497,0.7998259044828869,6.7097648627777735,9.061838286597288,0.5487080800337639,0.3288964000679364,0.2739143252640808,0.571375877251771,1.5102861219937118,0.37832293426460417,-0.9720071246377805,0.2739143252640808,0.9042051379030577,0.3029338297051879,-1.1942408811332457,Web/CloudOps,7
electricity/15T/medium|H=480|L=128|Hsrc=gift_default|Lsrc=controlled|origins=gift_horizon_specific_v1,context-scaling,release,standard_hl_gift_v1,electricity/15T/medium,chronos_bolt_small,chronos,chronos-bolt-small,47.718016,47.718016,480,gift_default,gift_horizon_specific_v1,,480,128,controlled,130656,139776,128,128,256,256,20,[],merged,2,370,3552000,2061400144.809679,,20,,float32,official_horizon_generation,,64,append_crop,328298.00250225223,328298.00250225223,70.81628483952703,1.13688749890874,0.21639587939637017,0.1828761646167652,15.144915737975703,572.9729509342062,0.9872900838018533,0.12202358886184304,0.10255150796016571,1.13688749890874,1.1507882040712938,0.9879207093769511,-0.012152838121820634,0.10255150796016571,0.1127548498424603,0.9095086207240702,-0.09485080253774285,Energy,1
electricity/15T/medium|H=480|L=256|Hsrc=gift_default|Lsrc=controlled|origins=gift_horizon_specific_v1,context-scaling,release,standard_hl_gift_v1,electricity/15T/medium,chronos_bolt_small,chronos,chronos-bolt-small,47.718016,47.718016,480,gift_default,gift_horizon_specific_v1,,480,256,controlled,130656,139776,256,256,256,256,20,[],merged,2,370,3552000,2061400144.809679,,20,,float32,official_horizon_generation,,64,append_crop,301574.05007094593,301574.05007094593,65.15153315033784,1.0393553592878135,0.18644982612551592,0.16675542553051098,12.79250619301747,549.1575821847003,0.9462538056143135,0.11226265135018991,0.09367443384315656,1.0393553592878135,1.1507882040712938,0.9031682420889876,-0.10184642831381738,0.09367443384315656,0.1127548498424603,0.8307796425079483,-0.18539069076143938,Energy,1
electricity/15T/medium|H=480|L=512|Hsrc=gift_default|Lsrc=controlled|origins=gift_horizon_specific_v1,context-scaling,release,standard_hl_gift_v1,electricity/15T/medium,chronos_bolt_small,chronos,chronos-bolt-small,47.718016,47.718016,480,gift_default,gift_horizon_specific_v1,,480,512,controlled,130656,139776,512,512,256,256,20,[],merged,2,370,3552000,2061400144.809679,,20,,float32,official_horizon_generation,,64,append_crop,287322.4311176802,287322.4311176802,60.08276877463401,0.9438845652064479,0.15335951489560823,0.14902379546294342,10.670283331645246,536.0246553263014,0.9236244503586216,0.10352865998619772,0.08581943361375242,0.9438845652064479,1.1507882040712938,0.8202070214720173,-0.19819850537803924,0.08581943361375242,0.1127548498424603,0.761115231261966,-0.2729705117398479,Energy,1
electricity/15T/medium|H=480|L=1024|Hsrc=gift_default|Lsrc=controlled|origins=gift_horizon_specific_v1,context-scaling,release,standard_hl_gift_v1,electricity/15T/medium,chronos_bolt_small,chronos,chronos-bolt-small,47.718016,47.718016,480,gift_default,gift_horizon_specific_v1,,480,1024,controlled,130656,139776,1024,1024,256,256,20,[],merged,2,370,3552000,2061400144.809679,,20,,float32,official_horizon_generation,,64,append_crop,301251.64908445947,301251.64908445947,58.62922965934685,0.9035484440509187,0.14135074603632503,0.14209496108046524,9.8697081782179,548.8639622752248,0.9457478689473917,0.10102406574208667,0.0834140715271366,0.9035484440509187,1.1507882040712938,0.7851561571923638,-0.2418726546232543,0.0834140715271366,0.1127548498424603,0.739782560516747,-0.30139897310204355,Energy,1
electricity/15T/medium|H=480|L=2048|Hsrc=gift_default|Lsrc=controlled|origins=gift_horizon_specific_v1,context-scaling,release,standard_hl_gift_v1,electricity/15T/medium,chronos_bolt_small,chronos,chronos-bolt-small,47.718016,47.718016,480,gift_default,gift_horizon_specific_v1,,480,2048,controlled,130656,139776,2048,2048,256,128,20,[],merged,2,370,3552000,2061400144.809679,,20,,float32,official_horizon_generation,,64,append_crop,301455.0137646396,301455.0137646396,58.727707383164415,0.8989843628662507,0.13829172883298213,0.14111649233156495,9.812400948890128,549.0491906602173,0.9460670361043116,0.10119375277537845,0.08339612414880505,0.8989843628662507,1.1507882040712938,0.781190109253637,-0.24693674102541038,0.08339612414880505,0.1127548498424603,0.7396233888415895,-0.3016141563326378,Energy,1
electricity/H/medium|H=480|L=128|Hsrc=gift_default|Lsrc=controlled|origins=gift_horizon_specific_v1,context-scaling,release,standard_hl_gift_v1,electricity/H/medium,chronos_bolt_small,chronos,chronos-bolt-small,47.718016,47.718016,480,gift_default,gift_horizon_specific_v1,,480,128,controlled,31224,34584,128,128,256,256,20,[],merged,2,370,1420800,3639969419.768304,,20,,float32,official_horizon_generation,,64,append_crop,6738989.792072072,6738989.792072072,268.4807010135135,1.1777363926763889,0.24217585178987,0.14537812035362999,14.449188444770543,2595.9564310812443,1.0132873307257089,0.10479686393197254,0.08748929655803174,1.1777363926763889,1.3924537850959529,0.8457992683722944,-0.16747321895678038,0.08748929655803174,0.12738701471484642,0.6867991745773695,-0.3757133517979641,Energy,1
electricity/H/medium|H=480|L=256|Hsrc=gift_default|Lsrc=controlled|origins=gift_horizon_specific_v1,context-scaling,release,standard_hl_gift_v1,electricity/H/medium,chronos_bolt_small,chronos,chronos-bolt-small,47.718016,47.718016,480,gift_default,gift_horizon_specific_v1,,480,256,controlled,31224,34584,256,256,256,256,20,[],merged,2,370,1420800,3639969419.768304,,20,,float32,official_horizon_generation,,64,append_crop,6582975.705135135,6582975.705135135,258.2915790399775,1.1296997510669353,0.227832738984213,0.1378631894223325,13.430113642938421,2565.731027433533,1.0014893597676446,0.10081971389840949,0.08397890704092932,1.1296997510669353,1.3924537850959529,0.8113014328795757,-0.20911561343011276,0.08397890704092932,0.12738701471484642,0.6592422879907707,-0.4166641519729925,Energy,1
electricity/H/medium|H=480|L=512|Hsrc=gift_default|Lsrc=controlled|origins=gift_horizon_specific_v1,context-scaling,release,standard_hl_gift_v1,electricity/H/medium,chronos_bolt_small,chronos,chronos-bolt-small,47.718016,47.718016,480,gift_default,gift_horizon_specific_v1,,480,512,controlled,31224,34584,512,512,256,256,20,[],merged,2,370,1420800,3639969419.768304,,20,,float32,official_horizon_generation,,64,append_crop,6024299.742432431,6024299.742432431,250.88651921452703,1.1032396785153549,0.22654204499502853,0.1352222607586835,12.598957147607079,2454.4448949675834,0.9580507154348343,0.09792927505492335,0.08089124627995674,1.1032396785153549,1.3924537850959529,0.7922989547831432,-0.23281649023036058,0.08089124627995674,0.12738701471484642,0.6350038617439177,-0.4541241986214531,Energy,1
electricity/H/medium|H=480|L=1024|Hsrc=gift_default|Lsrc=controlled|origins=gift_horizon_specific_v1,context-scaling,release,standard_hl_gift_v1,electricity/H/medium,chronos_bolt_small,chronos,chronos-bolt-small,47.718016,47.718016,480,gift_default,gift_horizon_specific_v1,,480,1024,controlled,31224,34584,1024,1024,256,256,20,[],merged,2,370,1420800,3639969419.768304,,20,,float32,official_horizon_generation,,64,append_crop,5992021.476036035,5992021.476036035,250.2698310810811,1.1000501728034975,0.20636383761866467,0.13459005544851493,12.430496544240038,2447.860591626091,0.9554806448906186,0.09768856135682427,0.0803616626850599,1.1000501728034975,1.3924537850959529,0.7900083899213172,-0.23571171342389727,0.0803616626850599,0.12738701471484642,0.6308465809089573,-0.46069258243926287,Energy,1
electricity/H/medium|H=480|L=2048|Hsrc=gift_default|Lsrc=controlled|origins=gift_horizon_specific_v1,context-scaling,release,standard_hl_gift_v1,electricity/H/medium,chronos_bolt_small,chronos,chronos-bolt-small,47.718016,47.718016,480,gift_default,gift_horizon_specific_v1,,480,2048,controlled,31224,34584,2048,2048,256,256,20,[],merged,2,370,1420800,3639969419.768304,,20,,float32,official_horizon_generation,,64,append_crop,6028985.922882882,6028985.922882882,252.1484364442568,1.1030518932378575,0.2042637860348239,0.13507065506668778,12.329192708373261,2455.399340816659,0.9584232670983186,0.09842184292932989,0.08052924082867077,1.1030518932378575,1.3924537850959529,0.7921640955299978,-0.23298671730311482,0.08052924082867077,0.12738701471484642,0.6321620850361714,-0.45860945405163533,Energy,1
ett1/15T/medium|H=480|L=128|Hsrc=gift_default|Lsrc=controlled|origins=gift_horizon_specific_v1,context-scaling,release,standard_hl_gift_v1,ett1/15T/medium,chronos_bolt_small,chronos,chronos-bolt-small,47.718016,47.718016,480,gift_default,gift_horizon_specific_v1,,480,128,controlled,62480,69200,128,128,256,256,20,[],merged,2,7,50400,264426.7650203854,,20,,float32,official_horizon_generation,,64,append_crop,23.545296572730656,23.545296572730656,2.473040558345734,1.5005562988622883,0.9120458315839018,0.5339764694940476,19.158553310249822,4.852349593004471,0.924862577616043,0.47136394884616184,0.39374276190163443,1.5005562988622883,1.188305978848509,1.262769291387691,0.23330715953120598,0.39374276190163443,0.3215511684253036,1.2245104374207894,0.2025411211963706,Energy,7
ett1/15T/medium|H=480|L=256|Hsrc=gift_default|Lsrc=controlled|origins=gift_horizon_specific_v1,context-scaling,release,standard_hl_gift_v1,ett1/15T/medium,chronos_bolt_small,chronos,chronos-bolt-small,47.718016,47.718016,480,gift_default,gift_horizon_specific_v1,,480,256,controlled,62480,69200,256,256,256,256,20,[],merged,2,7,50400,264426.7650203854,,20,,float32,official_horizon_generation,,64,append_crop,12.41240246000744,12.41240246000744,1.8345895531063987,1.1824951433413002,0.8417313224594357,0.4353053307911706,16.852329412676283,3.5231239631905433,0.6715108727027477,0.34967456289621157,0.29625438491824563,1.1824951433413002,1.188305978848509,0.9951099837830997,-0.004902011466822418,0.29625438491824563,0.3215511684253036,0.9213289019258083,-0.08193819255087231,Energy,7
ett1/15T/medium|H=480|L=512|Hsrc=gift_default|Lsrc=controlled|origins=gift_horizon_specific_v1,context-scaling,release,standard_hl_gift_v1,ett1/15T/medium,chronos_bolt_small,chronos,chronos-bolt-small,47.718016,47.718016,480,gift_default,gift_horizon_specific_v1,,480,512,controlled,62480,69200,512,512,256,256,20,[],merged,2,7,50400,264426.7650203854,,20,,float32,official_horizon_generation,,64,append_crop,10.753453659784226,10.753453659784226,1.6882802230592757,1.094170249432063,0.8077343857367276,0.4105461968315972,14.247489024850218,3.27924589803574,0.6250274749920262,0.3217878615110226,0.2708790238897448,1.094170249432063,1.188305978848509,0.9207815738605765,-0.08253243278622442,0.2708790238897448,0.3215511684253036,0.8424134336575113,-0.17148437140263728,Energy,7
ett1/15T/medium|H=480|L=1024|Hsrc=gift_default|Lsrc=controlled|origins=gift_horizon_specific_v1,context-scaling,release,standard_hl_gift_v1,ett1/15T/medium,chronos_bolt_small,chronos,chronos-bolt-small,47.718016,47.718016,480,gift_default,gift_horizon_specific_v1,,480,1024,controlled,62480,69200,1024,1024,256,256,20,[],merged,2,7,50400,264426.7650203854,,20,,float32,official_horizon_generation,,64,append_crop,10.834139074900794,10.834139074900794,1.7109713115389384,1.0963067290870139,0.8043433727272515,0.4106541224888393,14.253185528493944,3.291525341676833,0.6273679489582806,0.32611280516522057,0.2749660083014555,1.0963067290870139,1.188305978848509,0.922579494339796,-0.08058173405404473,0.2749660083014555,0.3215511684253036,0.8551236484321162,-0.15650920245230013,Energy,7
ett1/15T/medium|H=480|L=2048|Hsrc=gift_default|Lsrc=controlled|origins=gift_horizon_specific_v1,context-scaling,release,standard_hl_gift_v1,ett1/15T/medium,chronos_bolt_small,chronos,chronos-bolt-small,47.718016,47.718016,480,gift_default,gift_horizon_specific_v1,,480,2048,controlled,62480,69200,2048,2048,256,256,20,[],merged,2,7,50400,264426.7650203854,,20,,float32,official_horizon_generation,,64,append_crop,10.485599152095734,10.485599152095734,1.6953899662078373,1.0932865686998379,0.8245754512469755,0.4110740249875992,13.97592264509097,3.2381474876996776,0.6171940777911874,0.32314298550786874,0.27061195081209943,1.0932865686998379,1.188305978848509,0.9200379263927067,-0.08334038544885228,0.27061195081209943,0.3215511684253036,0.8415828564310213,-0.17247080741645562,Energy,7
ett1/H/medium|H=480|L=128|Hsrc=gift_default|Lsrc=controlled|origins=gift_horizon_specific_v1,context-scaling,release,standard_hl_gift_v1,ett1/H/medium,chronos_bolt_small,chronos,chronos-bolt-small,47.718016,47.718016,480,gift_default,gift_horizon_specific_v1,,480,128,controlled,15500,16940,128,128,256,256,20,[],merged,2,7,13440,280598.42197935283,,20,,float32,official_horizon_generation,,64,append_crop,146.90655575706845,146.90655575706845,6.832200840541295,1.2499193211825643,5642868788319.653,0.4338724408830915,16.08493706842958,12.12050146475254,0.5805433207256622,0.3272462426878213,0.27402344403922685,1.2499193211825643,1.5678007464523998,0.7972437339444227,-0.226594832709658,0.27402344403922685,0.4349118288751455,0.6300666614379291,-0.4619296533879963,Energy,7
ett1/H/medium|H=480|L=256|Hsrc=gift_default|Lsrc=controlled|origins=gift_horizon_specific_v1,context-scaling,release,standard_hl_gift_v1,ett1/H/medium,chronos_bolt_small,chronos,chronos-bolt-small,47.718016,47.718016,480,gift_default,gift_horizon_specific_v1,,480,256,controlled,15500,16940,256,256,256,256,20,[],merged,2,7,13440,280598.42197935283,,20,,float32,official_horizon_generation,,64,append_crop,133.7124325706845,133.7124325706845,6.626119559151785,1.2616271437716537,4890411006013.132,0.4330146062941778,16.42734256181387,11.563409210552246,0.5538599208560688,0.3173754372772378,0.26333977695160815,1.2616271437716537,1.5678007464523998,0.8047114064886423,-0.2172715670968568,0.26333977695160815,0.4349118288751455,0.6055015280515806,-0.5016981923727184,Energy,7
ett1/H/medium|H=480|L=512|Hsrc=gift_default|Lsrc=controlled|origins=gift_horizon_specific_v1,context-scaling,release,standard_hl_gift_v1,ett1/H/medium,chronos_bolt_small,chronos,chronos-bolt-small,47.718016,47.718016,480,gift_default,gift_horizon_specific_v1,,480,512,controlled,15500,16940,512,512,256,256,20,[],merged,2,7,13440,280598.42197935283,,20,,float32,official_horizon_generation,,64,append_crop,144.13336007254463,144.13336007254463,6.797212582542783,1.2664366491727412,3424248498638.406,0.43016800653366816,16.70284242115111,12.005555383760663,0.5750376756203434,0.32557038797636967,0.2703577353027424,1.2664366491727412,1.5678007464523998,0.8077790829213588,-0.21346667007101974,0.2703577353027424,0.4349118288751455,0.6216380363854318,-0.4753972907045436,Energy,7
ett1/H/medium|H=480|L=1024|Hsrc=gift_default|Lsrc=controlled|origins=gift_horizon_specific_v1,context-scaling,release,standard_hl_gift_v1,ett1/H/medium,chronos_bolt_small,chronos,chronos-bolt-small,47.718016,47.718016,480,gift_default,gift_horizon_specific_v1,,480,1024,controlled,15500,16940,1024,1024,256,256,20,[],merged,2,7,13440,280598.42197935283,,20,,float32,official_horizon_generation,,64,append_crop,148.38094889322917,148.38094889322917,6.973733084542411,1.3243829613197005,3766731903587.471,0.43749752952938986,15.586134979305074,12.181171901472746,0.5834492909865341,0.3340253020494416,0.2747087274873068,1.3243829613197005,1.5678007464523998,0.8447393358604388,-0.16872717748584237,0.2747087274873068,0.4349118288751455,0.6316423450652343,-0.4594319547295228,Energy,7
ett1/H/medium|H=480|L=2048|Hsrc=gift_default|Lsrc=controlled|origins=gift_horizon_specific_v1,context-scaling,release,standard_hl_gift_v1,ett1/H/medium,chronos_bolt_small,chronos,chronos-bolt-small,47.718016,47.718016,480,gift_default,gift_horizon_specific_v1,,480,2048,controlled,15500,16940,2048,2048,256,256,20,[],merged,2,7,13440,280598.42197935283,,20,,float32,official_horizon_generation,,64,append_crop,152.20225655691965,152.20225655691965,7.0800194149925595,1.3706743516947621,4001602113704.579,0.43550836472284227,15.17389288833485,12.337027865613324,0.5909144226265242,0.33911616560873525,0.2769584458094428,1.3706743516947621,1.5678007464523998,0.874265658309136,-0.13437099263669225,0.2769584458094428,0.4349118288751455,0.6368151598124319,-0.4512758384972124,Energy,7
ett2/15T/medium|H=480|L=128|Hsrc=gift_default|Lsrc=controlled|origins=gift_horizon_specific_v1,context-scaling,release,standard_hl_gift_v1,ett2/15T/medium,chronos_bolt_small,chronos,chronos-bolt-small,47.718016,47.718016,480,gift_default,gift_horizon_specific_v1,,480,128,controlled,62480,69200,128,128,256,256,20,[],merged,2,7,50400,945736.3714669943,,20,,float32,official_horizon_generation,,64,append_crop,17.933258076016866,17.933258076016866,2.6438606770833335,1.0815943882419485,0.16991419346929212,0.19394881475539436,13.820688665272659,4.234767771202675,0.22567842594183604,0.14089611243174058,0.11819578256512708,1.0815943882419485,1.051239150135547,1.0288756731543793,0.02846662657300522,0.11819578256512708,0.12412877712988989,0.9522029081253701,-0.048977128114462566,Energy,7
ett2/15T/medium|H=480|L=256|Hsrc=gift_default|Lsrc=controlled|origins=gift_horizon_specific_v1,context-scaling,release,standard_hl_gift_v1,ett2/15T/medium,chronos_bolt_small,chronos,chronos-bolt-small,47.718016,47.718016,480,gift_default,gift_horizon_specific_v1,,480,256,controlled,62480,69200,256,256,256,256,20,[],merged,2,7,50400,945736.3714669943,,20,,float32,official_horizon_generation,,64,append_crop,13.8543115234375,13.8543115234375,2.3503543526785715,0.9840172461780727,0.15325361493517808,0.1815234132796999,13.66061152232215,3.7221380312177437,0.19835946087426257,0.12525463009448623,0.10582983689335926,0.9840172461780727,1.051239150135547,0.9360546037989486,-0.06608146681406543,0.10582983689335926,0.12412877712988989,0.8525809996711529,-0.15948706006102356,Energy,7
ett2/15T/medium|H=480|L=512|Hsrc=gift_default|Lsrc=controlled|origins=gift_horizon_specific_v1,context-scaling,release,standard_hl_gift_v1,ett2/15T/medium,chronos_bolt_small,chronos,chronos-bolt-small,47.718016,47.718016,480,gift_default,gift_horizon_specific_v1,,480,512,controlled,62480,69200,512,512,256,256,20,[],merged,2,7,50400,945736.3714669943,,20,,float32,official_horizon_generation,,64,append_crop,12.965238792782738,12.965238792782738,2.2851417178199407,0.9496825137109505,0.14664559499348126,0.17683773464626737,12.946098860895773,3.600727536593506,0.1918892762502221,0.12177933095612621,0.10251466215831542,0.9496825137109505,1.051239150135547,0.9033934034786455,-0.10159715767157143,0.10251466215831542,0.12412877712988989,0.8258734560080522,-0.1913137181563992,Energy,7
ett2/15T/medium|H=480|L=1024|Hsrc=gift_default|Lsrc=controlled|origins=gift_horizon_specific_v1,context-scaling,release,standard_hl_gift_v1,ett2/15T/medium,chronos_bolt_small,chronos,chronos-bolt-small,47.718016,47.718016,480,gift_default,gift_horizon_specific_v1,,480,1024,controlled,62480,69200,1024,1024,256,256,20,[],merged,2,7,50400,945736.3714669943,,20,,float32,official_horizon_generation,,64,append_crop,15.859662310887897,15.859662310887897,2.479208015562996,0.9994551198918432,0.15091680850118147,0.18012552897135417,14.670765586652632,3.9824191530887223,0.2122303121369129,0.13212147460349183,0.11279017019880681,0.9994551198918432,1.051239150135547,0.9507400097903254,-0.05051463994359409,0.11279017019880681,0.12412877712988989,0.9086544861453182,-0.09579036031268458,Energy,7
ett2/15T/medium|H=480|L=2048|Hsrc=gift_default|Lsrc=controlled|origins=gift_horizon_specific_v1,context-scaling,release,standard_hl_gift_v1,ett2/15T/medium,chronos_bolt_small,chronos,chronos-bolt-small,47.718016,47.718016,480,gift_default,gift_horizon_specific_v1,,480,2048,controlled,62480,69200,2048,2048,256,256,20,[],merged,2,7,50400,945736.3714669943,,20,,float32,official_horizon_generation,,64,append_crop,15.253333798363096,15.253333798363096,2.4196590944320437,0.9800023302628341,0.1457022192238312,0.17531341552734375,13.777810024315697,3.9055516637682692,0.20813390474619214,0.12894800500292594,0.10956319586862741,0.9800023302628341,1.051239150135547,0.9322353815841737,-0.07016994083545317,0.10956319586862741,0.12412877712988989,0.8826574981398482,-0.12481803795109371,Energy,7
ett2/H/medium|H=480|L=128|Hsrc=gift_default|Lsrc=controlled|origins=gift_horizon_specific_v1,context-scaling,release,standard_hl_gift_v1,ett2/H/medium,chronos_bolt_small,chronos,chronos-bolt-small,47.718016,47.718016,480,gift_default,gift_horizon_specific_v1,,480,128,controlled,15500,16940,128,128,256,256,20,[],merged,2,7,13440,997355.0687755346,,20,,float32,official_horizon_generation,,64,append_crop,227.57709379650296,227.57709379650296,9.682308814639137,1.0517854710265093,0.1724455080705281,0.17181549072265626,13.526856240590067,15.085658546994326,0.20328893612635268,0.13047532873975617,0.10805930055261333,1.0517854710265093,1.238424973001897,0.8492928469271899,-0.16335122054744275,0.10805930055261333,0.18620508192429827,0.5803241213177246,-0.5441685016707832,Energy,7
ett2/H/medium|H=480|L=256|Hsrc=gift_default|Lsrc=controlled|origins=gift_horizon_specific_v1,context-scaling,release,standard_hl_gift_v1,ett2/H/medium,chronos_bolt_small,chronos,chronos-bolt-small,47.718016,47.718016,480,gift_default,gift_horizon_specific_v1,,480,256,controlled,15500,16940,256,256,256,256,20,[],merged,2,7,13440,997355.0687755346,,20,,float32,official_horizon_generation,,64,append_crop,268.08670712425595,268.08670712425595,10.408547828311011,1.1007838994095023,0.18206044462861398,0.17545154208228703,13.942815015666895,16.37335356987859,0.22064145344880642,0.14026186580095873,0.11701242765104415,1.1007838994095023,1.238424973001897,0.888857963467292,-0.11781782736090433,0.11701242765104415,0.18620508192429827,0.6284061983797821,-0.46456850890045986,Energy,7
ett2/H/medium|H=480|L=512|Hsrc=gift_default|Lsrc=controlled|origins=gift_horizon_specific_v1,context-scaling,release,standard_hl_gift_v1,ett2/H/medium,chronos_bolt_small,chronos,chronos-bolt-small,47.718016,47.718016,480,gift_default,gift_horizon_specific_v1,,480,512,controlled,15500,16940,512,512,256,256,20,[],merged,2,7,13440,997355.0687755346,,20,,float32,official_horizon_generation,,64,append_crop,285.52664853050595,285.52664853050595,10.602552432105655,1.1237482293606997,0.18757085260744658,0.1796301069713774,14.173203827417828,16.897533800247476,0.22770511865362367,0.14287620241650445,0.12009566913294285,1.1237482293606997,1.238424973001897,0.9074011376214216,-0.09717065803758487,0.12009566913294285,0.18620508192429827,0.6449645084432646,-0.4385599893696895,Energy,7
ett2/H/medium|H=480|L=1024|Hsrc=gift_default|Lsrc=controlled|origins=gift_horizon_specific_v1,context-scaling,release,standard_hl_gift_v1,ett2/H/medium,chronos_bolt_small,chronos,chronos-bolt-small,47.718016,47.718016,480,gift_default,gift_horizon_specific_v1,,480,1024,controlled,15500,16940,1024,1024,256,256,20,[],merged,2,7,13440,997355.0687755346,,20,,float32,official_horizon_generation,,64,append_crop,269.32525111607146,269.32525111607146,10.36048133486793,1.0996656607795463,0.18515288829984858,0.17722606658935547,12.927636843384432,16.411131926715825,0.22115054106643472,0.13961413893607386,0.11603117937559444,1.0996656607795463,1.238424973001897,0.8879550112058842,-0.11883420032981974,0.11603117937559444,0.18620508192429827,0.6231364803607613,-0.4729897145869869,Energy,7
ett2/H/medium|H=480|L=2048|Hsrc=gift_default|Lsrc=controlled|origins=gift_horizon_specific_v1,context-scaling,release,standard_hl_gift_v1,ett2/H/medium,chronos_bolt_small,chronos,chronos-bolt-small,47.718016,47.718016,480,gift_default,gift_horizon_specific_v1,,480,2048,controlled,15500,16940,2048,2048,256,256,20,[],merged,2,7,13440,997355.0687755346,,20,,float32,official_horizon_generation,,64,append_crop,243.21062593005954,243.21062593005954,9.809888276599702,1.0625440702012516,0.18122223526450768,0.17440206436883834,12.156537548084401,15.59521163466721,0.21015549119057012,0.13219454391440316,0.10913631688312513,1.0625440702012516,1.238424973001897,0.8579801710762369,-0.1531742903949861,0.10913631688312513,0.18620508192429827,0.5861081542741917,-0.5342509428270561,Energy,7
hierarchical_sales/D/short|H=30|L=128|Hsrc=gift_default|Lsrc=controlled|origins=gift_horizon_specific_v1,context-scaling,release,standard_hl_gift_v1,hierarchical_sales/D/short,chronos_bolt_small,chronos,chronos-bolt-small,47.718016,47.718016,30,gift_default,gift_horizon_specific_v1,,30,128,controlled,1615,1795,128,128,256,256,20,[],merged,2,118,24190,78849.0,,20,,float32,official_horizon_generation,,64,append_crop,30.511613786688713,30.511613786688713,2.3986830334073996,0.7739511341605513,0.6811453448806117,1.076728664995866,7.757839501115912,5.523731871360948,1.6946197664931872,0.7358893908372331,0.6041369058711429,0.7739511341605513,1.1348033996861053,0.6820134081151252,-0.38270596133907786,0.6041369058711429,1.7364572064381938,0.34791350090932754,-1.0558013907093504,Sales,1
hierarchical_sales/D/short|H=30|L=256|Hsrc=gift_default|Lsrc=controlled|origins=gift_horizon_specific_v1,context-scaling,release,standard_hl_gift_v1,hierarchical_sales/D/short,chronos_bolt_small,chronos,chronos-bolt-small,47.718016,47.718016,30,gift_default,gift_horizon_specific_v1,,30,256,controlled,1615,1795,256,256,256,256,20,[],merged,2,118,24190,78849.0,,20,,float32,official_horizon_generation,,64,append_crop,29.89353393706077,29.89353393706077,2.354107577705147,0.7586177365274805,0.6567084649534013,1.0655445012143447,7.636033095106929,5.46749795949306,1.6773678250851263,0.7222141346711752,0.5936246591443664,0.7586177365274805,1.1348033996861053,0.6685014661899318,-0.4027166891890937,0.5936246591443664,1.7364572064381938,0.34185965363465776,-1.0733549956334385,Sales,1
hierarchical_sales/D/short|H=30|L=512|Hsrc=gift_default|Lsrc=controlled|origins=gift_horizon_specific_v1,context-scaling,release,standard_hl_gift_v1,hierarchical_sales/D/short,chronos_bolt_small,chronos,chronos-bolt-small,47.718016,47.718016,30,gift_default,gift_horizon_specific_v1,,30,512,controlled,1615,1795,512,512,256,256,20,[],merged,2,118,24190,78849.0,,20,,float32,official_horizon_generation,,64,append_crop,29.49590901457214,29.49590901457214,2.327544633629599,0.7491271088960088,0.6425724615903138,1.0560667179102936,6.908289770391444,5.431013626807811,1.666174835856903,0.7140649175956575,0.5837475387560135,0.7491271088960088,1.1348033996861053,0.660138231083219,-0.41530602485619716,0.5837475387560135,1.7364572064381938,0.3361715662163604,-1.0901336355986004,Sales,1
hierarchical_sales/D/short|H=30|L=1024|Hsrc=gift_default|Lsrc=controlled|origins=gift_horizon_specific_v1,context-scaling,release,standard_hl_gift_v1,hierarchical_sales/D/short,chronos_bolt_small,chronos,chronos-bolt-small,47.718016,47.718016,30,gift_default,gift_horizon_specific_v1,,30,1024,controlled,1615,1795,1024,1024,256,256,20,[],merged,2,118,24190,78849.0,,20,,float32,official_horizon_generation,,64,append_crop,29.24522852935097,29.24522852935097,2.3151710740491938,0.746137247133872,0.6363854906166585,1.0503480946736772,7.001475263251169,5.407885772587192,1.6590794663075519,0.7102688465452954,0.5785231570262891,0.746137247133872,1.1348033996861053,0.6575035352733865,-0.4193051381030202,0.5785231570262891,1.7364572064381938,0.33316292211597365,-1.099123653044668,Sales,1
hierarchical_sales/D/short|H=30|L=2048|Hsrc=gift_default|Lsrc=controlled|origins=gift_horizon_specific_v1,context-scaling,release,standard_hl_gift_v1,hierarchical_sales/D/short,chronos_bolt_small,chronos,chronos-bolt-small,47.718016,47.718016,30,gift_default,gift_horizon_specific_v1,,30,2048,controlled,1615,1795,1615,1795,256,256,20,[],merged,2,118,24190,78849.0,,20,,float32,official_horizon_generation,,64,append_crop,29.3743508422902,29.3743508422902,2.3270712490957006,0.7493580465092894,0.6414804659937153,1.0475716737934064,7.1508386529181935,5.419810960014215,1.6627379817466785,0.713919688463075,0.5815574872880965,0.7493580465092894,1.1348033996861053,0.6603417355962866,-0.4149977967576059,0.5815574872880965,1.7364572064381938,0.3349103479958382,-1.0938924008960083,Sales,1
jena_weather/10T/medium|H=480|L=128|Hsrc=gift_default|Lsrc=controlled|origins=gift_horizon_specific_v1,context-scaling,release,standard_hl_gift_v1,jena_weather/10T/medium,chronos_bolt_small,chronos,chronos-bolt-small,47.718016,47.718016,480,gift_default,gift_horizon_specific_v1,,480,128,controlled,47424,52224,128,128,256,256,20,[],merged,2,21,110880,18067509.70473349,,20,,float32,official_horizon_generation,,64,append_crop,9213.521212121212,9213.521212121212,24.828097943722945,0.7784328717467089,8.095017086470447,0.7173928881448413,14.758487010099552,95.98708877823731,0.589071132528164,0.15236961512624841,0.1308286484040839,0.7784328717467089,0.7160100392244082,1.0871815045916366,0.08358857174507767,0.1308286484040839,0.21183608983956295,0.6175937655532105,-0.48192437495786744,Nature,21
jena_weather/10T/medium|H=480|L=256|Hsrc=gift_default|Lsrc=controlled|origins=gift_horizon_specific_v1,context-scaling,release,standard_hl_gift_v1,jena_weather/10T/medium,chronos_bolt_small,chronos,chronos-bolt-small,47.718016,47.718016,480,gift_default,gift_horizon_specific_v1,,480,256,controlled,47424,52224,256,256,256,256,20,[],merged,2,21,110880,18067509.70473349,,20,,float32,official_horizon_generation,,64,append_crop,3017.6385281385283,3017.6385281385283,14.96424456619769,0.6659815261615893,1.728932463330514,0.7138825123444265,11.420727499501131,54.93303676421438,0.3371231130331327,0.09183531458490365,0.08028758160452469,0.6659815261615893,0.7160100392244082,0.9301287547350447,-0.07243225646593072,0.08028758160452469,0.21183608983956295,0.3790080418560011,-0.9701978555074052,Nature,21
jena_weather/10T/medium|H=480|L=512|Hsrc=gift_default|Lsrc=controlled|origins=gift_horizon_specific_v1,context-scaling,release,standard_hl_gift_v1,jena_weather/10T/medium,chronos_bolt_small,chronos,chronos-bolt-small,47.718016,47.718016,480,gift_default,gift_horizon_specific_v1,,480,512,controlled,47424,52224,512,512,256,256,20,[],merged,2,21,110880,18067509.70473349,,20,,float32,official_horizon_generation,,64,append_crop,1958.0295815295815,1958.0295815295815,11.916413577741702,0.6577740605549723,1.168774393427743,0.6911195873354077,10.322815380718565,44.24962803831894,0.27155921524721144,0.07313082760674183,0.062997037011419,0.6577740605549723,0.7160100392244082,0.9186659746663359,-0.0848326887829436,0.062997037011419,0.21183608983956295,0.2973857620726038,-1.2127251207739207,Nature,21
jena_weather/10T/medium|H=480|L=1024|Hsrc=gift_default|Lsrc=controlled|origins=gift_horizon_specific_v1,context-scaling,release,standard_hl_gift_v1,jena_weather/10T/medium,chronos_bolt_small,chronos,chronos-bolt-small,47.718016,47.718016,480,gift_default,gift_horizon_specific_v1,,480,1024,controlled,47424,52224,1024,1024,256,256,20,[],merged,2,21,110880,18067509.70473349,,20,,float32,official_horizon_generation,,64,append_crop,1646.9704906204906,1646.9704906204906,10.390984059343435,0.6364805211068096,0.872036796945417,0.6722196328519571,9.223231299747345,40.58288420776043,0.2490564706755115,0.06376929257705884,0.05399727137471484,0.6364805211068096,0.7160100392244082,0.8889268114121053,-0.11774037372779804,0.05399727137471484,0.21183608983956295,0.2549011899512044,-1.3668792993049441,Nature,21
jena_weather/10T/medium|H=480|L=2048|Hsrc=gift_default|Lsrc=controlled|origins=gift_horizon_specific_v1,context-scaling,release,standard_hl_gift_v1,jena_weather/10T/medium,chronos_bolt_small,chronos,chronos-bolt-small,47.718016,47.718016,480,gift_default,gift_horizon_specific_v1,,480,2048,controlled,47424,52224,2048,2048,256,256,20,[],merged,2,21,110880,18067509.70473349,,20,,float32,official_horizon_generation,,64,append_crop,1768.055230880231,1768.055230880231,10.764854459776334,0.6360533093525789,0.8142003422020225,0.680111240755772,9.215454385194489,42.04824884439578,0.2580493885466202,0.06606372887057523,0.05555469083021008,0.6360533093525789,0.7160100392244082,0.8883301553167613,-0.11841180856128503,0.05555469083021008,0.21183608983956295,0.2622531924200697,-1.3384448585860398,Nature,21
jena_weather/H/medium|H=480|L=128|Hsrc=gift_default|Lsrc=controlled|origins=gift_horizon_specific_v1,context-scaling,release,standard_hl_gift_v1,jena_weather/H/medium,chronos_bolt_small,chronos,chronos-bolt-small,47.718016,47.718016,480,gift_default,gift_horizon_specific_v1,,480,128,controlled,7824,8304,128,128,256,256,20,[],merged,2,21,20160,3294560.52297177,,20,,float32,official_horizon_generation,,64,append_crop,1245.3707341269842,1245.3707341269842,10.771559167286707,0.899901205321558,2.2503385928490443,0.7110939389183408,14.11523451726848,35.28981062753078,0.21594460848128016,0.06591308045439138,0.05618225300354713,0.899901205321558,0.8886133410739714,1.012702785031276,0.01262278145726393,0.05618225300354713,0.3428055211637902,0.16388958034518825,-1.8085623684979506,Nature,21
jena_weather/H/medium|H=480|L=256|Hsrc=gift_default|Lsrc=controlled|origins=gift_horizon_specific_v1,context-scaling,release,standard_hl_gift_v1,jena_weather/H/medium,chronos_bolt_small,chronos,chronos-bolt-small,47.718016,47.718016,480,gift_default,gift_horizon_specific_v1,,480,256,controlled,7824,8304,256,256,256,256,20,[],merged,2,21,20160,3294560.52297177,,20,,float32,official_horizon_generation,,64,append_crop,1265.1047867063492,1265.1047867063492,10.568741086929563,0.851660743872061,2.1072418819212717,0.6868188040597099,12.064287709942308,35.56831155264963,0.21764880502320064,0.06467200065892542,0.05472271264910934,0.851660743872061,0.8886133410739714,0.9584154372955399,-0.042473944388883925,0.05472271264910934,0.3428055211637902,0.1596319466014761,-1.8348844473211894,Nature,21
jena_weather/H/medium|H=480|L=512|Hsrc=gift_default|Lsrc=controlled|origins=gift_horizon_specific_v1,context-scaling,release,standard_hl_gift_v1,jena_weather/H/medium,chronos_bolt_small,chronos,chronos-bolt-small,47.718016,47.718016,480,gift_default,gift_horizon_specific_v1,,480,512,controlled,7824,8304,512,512,256,256,20,[],merged,2,21,20160,3294560.52297177,,20,,float32,official_horizon_generation,,64,append_crop,1162.4165674603175,1162.4165674603175,9.969283621651785,0.7311206119586585,2.338545150079371,0.657641359359499,10.349194431366898,34.09423070638664,0.2086286429550119,0.06100381413883109,0.05084838090800709,0.7311206119586585,0.8886133410739714,0.8227657386676546,-0.1950837619977989,0.05084838090800709,0.3428055211637902,0.14833011071520075,-1.9083150112355096,Nature,21
jena_weather/H/medium|H=480|L=1024|Hsrc=gift_default|Lsrc=controlled|origins=gift_horizon_specific_v1,context-scaling,release,standard_hl_gift_v1,jena_weather/H/medium,chronos_bolt_small,chronos,chronos-bolt-small,47.718016,47.718016,480,gift_default,gift_horizon_specific_v1,,480,1024,controlled,7824,8304,1024,1024,256,256,20,[],merged,2,21,20160,3294560.52297177,,20,,float32,official_horizon_generation,,64,append_crop,1165.8730654761905,1165.8730654761905,10.00725601438492,0.7083661693184404,2.2527755443886344,0.6404693845718626,8.66856394047072,34.144883445052066,0.20893859604416443,0.06123617394286633,0.050995794940652955,0.7083661693184404,0.8886133410739714,0.7971590528477936,-0.22670105567591242,0.050995794940652955,0.3428055211637902,0.14876013305598862,-1.9054201154917567,Nature,21
jena_weather/H/medium|H=480|L=2048|Hsrc=gift_default|Lsrc=controlled|origins=gift_horizon_specific_v1,context-scaling,release,standard_hl_gift_v1,jena_weather/H/medium,chronos_bolt_small,chronos,chronos-bolt-small,47.718016,47.718016,480,gift_default,gift_horizon_specific_v1,,480,2048,controlled,7824,8304,2048,2048,256,256,20,[],merged,2,21,20160,3294560.52297177,,20,,float32,official_horizon_generation,,64,append_crop,1234.0174603174603,1234.0174603174603,10.389854213169643,0.7096889216432191,2.696515407354668,0.6542253524538071,8.882818456349202,35.12858466146139,0.21495803820785658,0.06357736015988036,0.05325046071862101,0.7096889216432191,0.8886133410739714,0.7986476106531266,-0.22483546848278638,0.05325046071862101,0.3428055211637902,0.15533723184457782,-1.8621568361276688,Nature,21
kdd_cup_2018/H/medium|H=480|L=128|Hsrc=gift_default|Lsrc=controlled|origins=gift_horizon_specific_v1,context-scaling,release,standard_hl_gift_v1,kdd_cup_2018/H/medium,chronos_bolt_small,chronos,chronos-bolt-small,47.718016,47.718016,480,gift_default,gift_horizon_specific_v1,,480,128,controlled,8544,10440,128,128,256,256,20,[],merged,2,270,227893,10887399.999870755,,20,,float32,official_horizon_generation,,64,append_crop,5240.511657883305,5240.511657883305,26.530015902473966,1.1066450181323466,1.1214538565391328,0.5869378452483731,13.274010545010647,72.39137833943559,1.515282655556408,0.5553212809425825,0.4647921484485596,1.1066450181323466,1.4289997073647827,0.7744193455246466,-0.25564176202414424,0.4647921484485596,0.7587891689610204,0.6125445215368333,-0.4901336509815147,Nature,1
kdd_cup_2018/H/medium|H=480|L=256|Hsrc=gift_default|Lsrc=controlled|origins=gift_horizon_specific_v1,context-scaling,release,standard_hl_gift_v1,kdd_cup_2018/H/medium,chronos_bolt_small,chronos,chronos-bolt-small,47.718016,47.718016,480,gift_default,gift_horizon_specific_v1,,480,256,controlled,8544,10440,256,256,256,256,20,[],merged,2,270,227893,10887399.999870755,,20,,float32,official_horizon_generation,,64,append_crop,4636.265975150619,4636.265975150619,23.304249503193386,1.0030008765415903,1.0276928261667528,0.5285728285090893,10.882535449313202,68.09013126107644,1.4252497642839153,0.48780014806972244,0.4037687773980018,1.0030008765415903,1.4289997073647827,0.701890190300475,-0.35397831126524476,0.4037687773980018,0.7587891689610204,0.5321224839712277,-0.6308815831114255,Nature,1
kdd_cup_2018/H/medium|H=480|L=512|Hsrc=gift_default|Lsrc=controlled|origins=gift_horizon_specific_v1,context-scaling,release,standard_hl_gift_v1,kdd_cup_2018/H/medium,chronos_bolt_small,chronos,chronos-bolt-small,47.718016,47.718016,480,gift_default,gift_horizon_specific_v1,,480,512,controlled,8544,10440,512,512,256,256,20,[],merged,2,270,227893,10887399.999870755,,20,,float32,official_horizon_generation,,64,append_crop,4273.779953750225,4273.779953750225,19.954862828992116,0.8588740958946623,0.9082782266143682,0.4572869643602274,8.593574136129341,65.37415356048768,1.3683994321451474,0.4176914189559936,0.3437359591689055,0.8588740958946623,1.4289997073647827,0.6010316807401671,-0.5091076324582489,0.3437359591689055,0.7587891689610204,0.4530058852046733,-0.7918501619616981,Nature,1
kdd_cup_2018/H/medium|H=480|L=1024|Hsrc=gift_default|Lsrc=controlled|origins=gift_horizon_specific_v1,context-scaling,release,standard_hl_gift_v1,kdd_cup_2018/H/medium,chronos_bolt_small,chronos,chronos-bolt-small,47.718016,47.718016,480,gift_default,gift_horizon_specific_v1,,480,1024,controlled,8544,10440,1024,1024,256,256,20,[],merged,2,270,227893,10887399.999870755,,20,,float32,official_horizon_generation,,64,append_crop,4198.4630437859,4198.4630437859,19.913138066713326,0.8612444027227073,0.9318463443055739,0.4538625903375913,8.241892947720071,64.79554802442757,1.3562881703718213,0.41681804411442325,0.3412847025672538,0.8612444027227073,1.4289997073647827,0.6026903982443268,-0.5063516498556041,0.3412847025672538,0.7587891689610204,0.44977540076720024,-0.7990069302205529,Nature,1
kdd_cup_2018/H/medium|H=480|L=2048|Hsrc=gift_default|Lsrc=controlled|origins=gift_horizon_specific_v1,context-scaling,release,standard_hl_gift_v1,kdd_cup_2018/H/medium,chronos_bolt_small,chronos,chronos-bolt-small,47.718016,47.718016,480,gift_default,gift_horizon_specific_v1,,480,2048,controlled,8544,10440,2048,2048,256,256,20,[],merged,2,270,227893,10887399.999870755,,20,,float32,official_horizon_generation,,64,append_crop,4201.762651222284,4201.762651222284,19.955160237616997,0.8642746216482418,0.9373587175643902,0.4539348765014585,8.52998169531318,64.82100470697969,1.3568210248418433,0.41769764425714456,0.34327347359201976,0.8642746216482418,1.4289997073647827,0.6048109157713195,-0.5028394057159975,0.34327347359201976,0.7587891689610204,0.4523963804887336,-0.793196535460211,Nature,1
loop_seattle/5T/medium|H=480|L=128|Hsrc=gift_default|Lsrc=controlled|origins=gift_horizon_specific_v1,context-scaling,release,standard_hl_gift_v1,loop_seattle/5T/medium,chronos_bolt_small,chronos,chronos-bolt-small,47.718016,47.718016,480,gift_default,gift_horizon_specific_v1,,480,128,controlled,95520,104640,128,128,256,256,20,[],merged,2,323,3100800,174280038.2642001,,20,,float32,official_horizon_generation,,64,append_crop,241.84438882707687,241.84438882707687,10.287249873016641,1.5964947199466195,0.31427171642197177,0.22704210216415924,24.310399379098875,15.55134684929498,0.27669041612896733,0.183031313993018,0.15493057794860832,1.5964947199466195,1.1532851467999472,1.3843018132822211,0.32519590660177367,0.15493057794860832,0.11727937957055946,1.3210385194389314,0.278418184417813,Transport,1
loop_seattle/5T/medium|H=480|L=256|Hsrc=gift_default|Lsrc=controlled|origins=gift_horizon_specific_v1,context-scaling,release,standard_hl_gift_v1,loop_seattle/5T/medium,chronos_bolt_small,chronos,chronos-bolt-small,47.718016,47.718016,480,gift_default,gift_horizon_specific_v1,,480,256,controlled,95520,104640,256,256,256,256,20,[],merged,2,323,3100800,174280038.2642001,,20,,float32,official_horizon_generation,,64,append_crop,232.69555707398092,232.69555707398092,9.894136956591847,1.5358738627444322,0.3140503565864051,0.21770482444172673,22.84142951522188,15.254361903205945,0.2714064436786236,0.1760370274218726,0.14820225745423743,1.5358738627444322,1.1532851467999472,1.3317381802809691,0.2864849914468595,0.14820225745423743,0.11727937957055946,1.2636684982211528,0.23401899726188774,Transport,1
loop_seattle/5T/medium|H=480|L=512|Hsrc=gift_default|Lsrc=controlled|origins=gift_horizon_specific_v1,context-scaling,release,standard_hl_gift_v1,loop_seattle/5T/medium,chronos_bolt_small,chronos,chronos-bolt-small,47.718016,47.718016,480,gift_default,gift_horizon_specific_v1,,480,512,controlled,95520,104640,512,512,256,256,20,[],merged,2,323,3100800,174280038.2642001,,20,,float32,official_horizon_generation,,64,append_crop,160.31119094265995,160.31119094265995,7.950771675857843,1.2371450114500653,0.259185448991994,0.17383634270037168,18.47736941791039,12.66140556741865,0.22527242232948533,0.14146056575410035,0.11962391268084586,1.2371450114500653,1.1532851467999472,1.0727139033072666,0.07019179557693467,0.11962391268084586,0.11727937957055946,1.0199910088105117,0.019793812365673177,Transport,1
loop_seattle/5T/medium|H=480|L=1024|Hsrc=gift_default|Lsrc=controlled|origins=gift_horizon_specific_v1,context-scaling,release,standard_hl_gift_v1,loop_seattle/5T/medium,chronos_bolt_small,chronos,chronos-bolt-small,47.718016,47.718016,480,gift_default,gift_horizon_specific_v1,,480,1024,controlled,95520,104640,1024,1024,256,256,20,[],merged,2,323,3100800,174280038.2642001,,20,,float32,official_horizon_generation,,64,append_crop,155.16362632223942,155.16362632223942,7.643447532693176,1.1904811883749749,0.2625743699836534,0.16685056625381958,17.909221245948334,12.456469255862169,0.22162618423358246,0.1359926377422854,0.11530481522265759,1.1904811883749749,1.1532851467999472,1.032252250606224,0.03174306607349871,0.11530481522265759,0.11727937957055946,0.9831635846375372,-0.01697975901026336,Transport,1
loop_seattle/5T/medium|H=480|L=2048|Hsrc=gift_default|Lsrc=controlled|origins=gift_horizon_specific_v1,context-scaling,release,standard_hl_gift_v1,loop_seattle/5T/medium,chronos_bolt_small,chronos,chronos-bolt-small,47.718016,47.718016,480,gift_default,gift_horizon_specific_v1,,480,2048,controlled,95520,104640,2048,2048,256,256,20,[],merged,2,323,3100800,174280038.2642001,,20,,float32,official_horizon_generation,,64,append_crop,149.4201656024252,149.4201656024252,7.243684099667828,1.13054214879259,0.2710161504755325,0.15620334479584905,18.507341329404014,12.223754153386151,0.21748570436598155,0.12888002481500427,0.11064961898173126,1.13054214879259,1.1532851467999472,0.9802798136519291,-0.019917223937156312,0.11064961898173126,0.11727937957055946,0.9434703644144067,-0.05819032493244457,Transport,1
loop_seattle/H/medium|H=480|L=128|Hsrc=gift_default|Lsrc=controlled|origins=gift_horizon_specific_v1,context-scaling,release,standard_hl_gift_v1,loop_seattle/H/medium,chronos_bolt_small,chronos,chronos-bolt-small,47.718016,47.718016,480,gift_default,gift_horizon_specific_v1,,480,128,controlled,7800,8280,128,128,256,256,20,[],merged,2,323,310080,17543533.79753518,,20,,float32,official_horizon_generation,,64,append_crop,119.03626967234263,119.03626967234263,7.024786194288571,1.4204516459873353,0.16791166575208413,0.15486053214845766,19.474608348322445,10.91037440569033,0.19283964877086351,0.12416231121184021,0.10474241111333574,1.4204516459873353,1.4805126193610998,0.9594323124380506,-0.04141351064179081,0.10474241111333574,0.16208091207003444,0.6462353263910374,-0.43659155919517006,Transport,1
loop_seattle/H/medium|H=480|L=256|Hsrc=gift_default|Lsrc=controlled|origins=gift_horizon_specific_v1,context-scaling,release,standard_hl_gift_v1,loop_seattle/H/medium,chronos_bolt_small,chronos,chronos-bolt-small,47.718016,47.718016,480,gift_default,gift_horizon_specific_v1,,480,256,controlled,7800,8280,256,256,256,256,20,[],merged,2,323,310080,17543533.79753518,,20,,float32,official_horizon_generation,,64,append_crop,103.94565515350877,103.94565515350877,6.824875082639964,1.387004934548003,0.16086663402640045,0.14824402674309856,16.090091701210135,10.195374203701832,0.18020210007678325,0.12062890464647028,0.0997075655801101,1.387004934548003,1.4805126193610998,0.9368410079115375,-0.06524169319946836,0.0997075655801101,0.16208091207003444,0.6151715480045356,-0.48585411022733144,Transport,1
loop_seattle/H/medium|H=480|L=512|Hsrc=gift_default|Lsrc=controlled|origins=gift_horizon_specific_v1,context-scaling,release,standard_hl_gift_v1,loop_seattle/H/medium,chronos_bolt_small,chronos,chronos-bolt-small,47.718016,47.718016,480,gift_default,gift_horizon_specific_v1,,480,512,controlled,7800,8280,512,512,256,256,20,[],merged,2,323,310080,17543533.79753518,,20,,float32,official_horizon_generation,,64,append_crop,90.47912877321981,90.47912877321981,6.350850838896414,1.2924101037536007,0.1559313684548141,0.13809301732617388,13.824375685453944,9.512051764641518,0.1681244523035854,0.11225057909380134,0.09182605017729542,1.2924101037536007,1.4805126193610998,0.8729477120643032,-0.1358796194788926,0.09182605017729542,0.16208091207003444,0.5665445054851234,-0.5681996394020009,Transport,1
loop_seattle/H/medium|H=480|L=1024|Hsrc=gift_default|Lsrc=controlled|origins=gift_horizon_specific_v1,context-scaling,release,standard_hl_gift_v1,loop_seattle/H/medium,chronos_bolt_small,chronos,chronos-bolt-small,47.718016,47.718016,480,gift_default,gift_horizon_specific_v1,,480,1024,controlled,7800,8280,1024,1024,256,256,20,[],merged,2,323,310080,17543533.79753518,,20,,float32,official_horizon_generation,,64,append_crop,83.75385061919505,83.75385061919505,5.980750280169634,1.219407950296451,0.14856850906545288,0.13059537354145503,12.796894733650667,9.15171298824406,0.16175550468591546,0.10570909306399567,0.08626080648800862,1.219407950296451,1.4805126193610998,0.8236390114814922,-0.19402293792564632,0.08626080648800862,0.16208091207003444,0.5322082988448121,-0.6307203270899783,Transport,1
loop_seattle/H/medium|H=480|L=2048|Hsrc=gift_default|Lsrc=controlled|origins=gift_horizon_specific_v1,context-scaling,release,standard_hl_gift_v1,loop_seattle/H/medium,chronos_bolt_small,chronos,chronos-bolt-small,47.718016,47.718016,480,gift_default,gift_horizon_specific_v1,,480,2048,controlled,7800,8280,2048,2048,256,256,20,[],merged,2,323,310080,17543533.79753518,,20,,float32,official_horizon_generation,,64,append_crop,82.38068159829722,82.38068159829722,5.822354563741615,1.185566947352512,0.14545767816596722,0.12776298877255465,12.473637602726201,9.076380423841721,0.16042401002586246,0.1029094664712678,0.08395039046506694,1.185566947352512,1.4805126193610998,0.8007813860202903,-0.22216729548168432,0.08395039046506694,0.16208091207003444,0.5179535911594102,-0.6578696330926398,Transport,1
m_dense/H/medium|H=480|L=128|Hsrc=gift_default|Lsrc=controlled|origins=gift_horizon_specific_v1,context-scaling,release,standard_hl_gift_v1,m_dense/H/medium,chronos_bolt_small,chronos,chronos-bolt-small,47.718016,47.718016,480,gift_default,gift_horizon_specific_v1,,480,128,controlled,15600,17040,128,128,256,256,20,[],merged,2,30,57600,33105850.910811424,,20,,float32,official_horizon_generation,,64,append_crop,53588.7,53588.7,108.43841145833333,0.9162035974533509,0.3299454832508358,0.25451277838812936,10.118162797747145,231.49233248641303,0.40276742582873476,0.18866914240709692,0.15342734008766645,0.9162035974533509,1.5699465118628486,0.5835890525762008,-0.5385582209463899,0.15342734008766645,0.3773835985181592,0.4065554006324515,-0.9000350723617903,Transport,1
m_dense/H/medium|H=480|L=256|Hsrc=gift_default|Lsrc=controlled|origins=gift_horizon_specific_v1,context-scaling,release,standard_hl_gift_v1,m_dense/H/medium,chronos_bolt_small,chronos,chronos-bolt-small,47.718016,47.718016,480,gift_default,gift_horizon_specific_v1,,480,256,controlled,15600,17040,256,256,256,256,20,[],merged,2,30,57600,33105850.910811424,,20,,float32,official_horizon_generation,,64,append_crop,43804.357777777775,43804.357777777775,100.01593315972222,0.8653063398465795,0.29186407634777267,0.23626324971516927,8.659769800583309,209.2949062394443,0.364146707235217,0.17401509375246563,0.1392652617916824,0.8653063398465795,1.5699465118628486,0.5511693126537378,-0.5957132345376466,0.1392652617916824,0.3773835985181592,0.369028390048014,-0.9968817001016745,Transport,1
m_dense/H/medium|H=480|L=512|Hsrc=gift_default|Lsrc=controlled|origins=gift_horizon_specific_v1,context-scaling,release,standard_hl_gift_v1,m_dense/H/medium,chronos_bolt_small,chronos,chronos-bolt-small,47.718016,47.718016,480,gift_default,gift_horizon_specific_v1,,480,512,controlled,15600,17040,512,512,256,256,20,[],merged,2,30,57600,33105850.910811424,,20,,float32,official_horizon_generation,,64,append_crop,44418.29555555555,44418.29555555555,100.43278645833334,0.8756559355037625,0.29177308944728364,0.23345418294270834,8.520378597406808,210.7564840178246,0.36668966800253,0.17474036585209196,0.13896868709735416,0.8756559355037625,1.5699465118628486,0.557761636391508,-0.5838235827916393,0.13896868709735416,0.3773835985181592,0.3682425193967913,-0.9990135377716172,Transport,1
m_dense/H/medium|H=480|L=1024|Hsrc=gift_default|Lsrc=controlled|origins=gift_horizon_specific_v1,context-scaling,release,standard_hl_gift_v1,m_dense/H/medium,chronos_bolt_small,chronos,chronos-bolt-small,47.718016,47.718016,480,gift_default,gift_horizon_specific_v1,,480,1024,controlled,15600,17040,1024,1024,256,256,20,[],merged,2,30,57600,33105850.910811424,,20,,float32,official_horizon_generation,,64,append_crop,39125.28888888889,39125.28888888889,92.89204861111111,0.8259722480830328,0.288168589875233,0.22435936821831598,8.111611010287467,197.8011347007112,0.3441489961836391,0.16162043423728017,0.1291936792334571,0.8259722480830328,1.5699465118628486,0.5261148974451113,-0.642235653890706,0.1291936792334571,0.3773835985181592,0.3423404719779852,-1.0719495050336005,Transport,1
m_dense/H/medium|H=480|L=2048|Hsrc=gift_default|Lsrc=controlled|origins=gift_horizon_specific_v1,context-scaling,release,standard_hl_gift_v1,m_dense/H/medium,chronos_bolt_small,chronos,chronos-bolt-small,47.718016,47.718016,480,gift_default,gift_horizon_specific_v1,,480,2048,controlled,15600,17040,2048,2048,256,256,20,[],merged,2,30,57600,33105850.910811424,,20,,float32,official_horizon_generation,,64,append_crop,41290.724444444444,41290.724444444444,95.23686631944445,0.8503579792800158,0.2903982670643109,0.22880265129937066,8.501772091797783,203.20119203499877,0.35354441402965453,0.1657001209477611,0.13264683843885855,0.8503579792800158,1.5699465118628486,0.5416477394959195,-0.6131394159659829,0.13264683843885855,0.3773835985181592,0.3514907350497262,-1.0455719264010623,Transport,1
saugeen/D/short|H=30|L=128|Hsrc=gift_default|Lsrc=controlled|origins=gift_horizon_specific_v1,context-scaling,release,standard_hl_gift_v1,saugeen/D/short,chronos_bolt_small,chronos,chronos-bolt-small,47.718016,47.718016,30,gift_default,gift_horizon_specific_v1,,30,128,controlled,23141,23711,128,128,256,256,20,[],merged,2,1,600,18524.10002040863,,20,,float32,official_horizon_generation,,64,append_crop,1559.49375,1559.49375,18.497267252604168,4.107919707452939,0.44901636759440106,0.436505126953125,39.967199576602496,39.49042605493134,1.2791042807399031,0.5991308802767777,0.4887080947152072,4.107919707452939,3.4130492934385144,1.2035922584974943,0.18531063379684856,0.4887080947152072,0.5850141690880181,0.8353782190900727,-0.17987069969123456,Nature,1
saugeen/D/short|H=30|L=256|Hsrc=gift_default|Lsrc=controlled|origins=gift_horizon_specific_v1,context-scaling,release,standard_hl_gift_v1,saugeen/D/short,chronos_bolt_small,chronos,chronos-bolt-small,47.718016,47.718016,30,gift_default,gift_horizon_specific_v1,,30,256,controlled,23141,23711,256,256,256,256,20,[],merged,2,1,600,18524.10002040863,,20,,float32,official_horizon_generation,,64,append_crop,1342.0697916666666,1342.0697916666666,16.480891927083334,3.661819156681078,0.44302093505859375,0.43056681315104167,44.85000356188825,36.634270726556935,1.1865927311835625,0.5338200044998388,0.4568759080983582,3.661819156681078,3.4130492934385144,1.0728878612215815,0.07035394860791366,0.4568759080983582,0.5850141690880181,0.7809655427843477,-0.2472242494699667,Nature,1
saugeen/D/short|H=30|L=512|Hsrc=gift_default|Lsrc=controlled|origins=gift_horizon_specific_v1,context-scaling,release,standard_hl_gift_v1,saugeen/D/short,chronos_bolt_small,chronos,chronos-bolt-small,47.718016,47.718016,30,gift_default,gift_horizon_specific_v1,,30,512,controlled,23141,23711,512,512,256,256,20,[],merged,2,1,600,18524.10002040863,,20,,float32,official_horizon_generation,,64,append_crop,1103.503125,1103.503125,13.673181966145833,3.0377640426468586,0.3630406697591146,0.36771507263183595,26.97216180957428,33.2190175200893,1.0759718685439221,0.4428776119028171,0.37053828236327535,3.0377640426468586,3.4130492934385144,0.8900439992140956,-0.11648438015872697,0.37053828236327535,0.5850141690880181,0.633383432303716,-0.4566793019867964,Nature,1
saugeen/D/short|H=30|L=1024|Hsrc=gift_default|Lsrc=controlled|origins=gift_horizon_specific_v1,context-scaling,release,standard_hl_gift_v1,saugeen/D/short,chronos_bolt_small,chronos,chronos-bolt-small,47.718016,47.718016,30,gift_default,gift_horizon_specific_v1,,30,1024,controlled,23141,23711,1024,1024,256,256,20,[],merged,2,1,600,18524.10002040863,,20,,float32,official_horizon_generation,,64,append_crop,1051.8746875,1051.8746875,12.760714518229166,2.8342642233381374,0.33126124064127604,0.346758295694987,24.15133643472326,32.432617647979015,1.0505001898795698,0.41332257451115856,0.33638599449134754,2.8342642233381374,3.4130492934385144,0.8304199499218854,-0.18582374238669053,0.33638599449134754,0.5850141690880181,0.5750048670030362,-0.5533767738675026,Nature,1
saugeen/D/short|H=30|L=2048|Hsrc=gift_default|Lsrc=controlled|origins=gift_horizon_specific_v1,context-scaling,release,standard_hl_gift_v1,saugeen/D/short,chronos_bolt_small,chronos,chronos-bolt-small,47.718016,47.718016,30,gift_default,gift_horizon_specific_v1,,30,2048,controlled,23141,23711,2048,2048,256,256,20,[],merged,2,1,600,18524.10002040863,,20,,float32,official_horizon_generation,,64,append_crop,1155.6329166666667,1155.6329166666667,13.305096028645833,2.9558918830897176,0.33137664794921873,0.3543686167399089,25.92692101927622,33.99460128706714,1.1010932109937044,0.43095522094958966,0.3536144411207764,2.9558918830897176,3.4130492934385144,0.8660560188135377,-0.14380568566014595,0.3536144411207764,0.5850141690880181,0.6044544898323198,-0.5034288973985837,Nature,1
saugeen/W/short|H=8|L=128|Hsrc=gift_default|Lsrc=controlled|origins=gift_horizon_specific_v1,context-scaling,release,standard_hl_gift_v1,saugeen/W/short,chronos_bolt_small,chronos,chronos-bolt-small,47.718016,47.718016,8,gift_default,gift_horizon_specific_v1,,8,128,controlled,3231,3383,128,128,256,256,20,[],merged,2,1,160,5300.499998092651,,20,,float32,official_horizon_generation,,64,append_crop,1442.447265625,1442.447265625,19.043028259277342,1.5449489621827568,0.5322571754455566,0.4980447769165039,19.20461979213894,37.979563789293316,1.1464447143615886,0.5748296429734507,0.48423887245070985,1.5449489621827568,1.9906580047824172,0.7760996406570715,-0.2534743641332689,0.48423887245070985,0.7340352249903721,0.6596943252376769,-0.41597869482505734,Nature,1
saugeen/W/short|H=8|L=256|Hsrc=gift_default|Lsrc=controlled|origins=gift_horizon_specific_v1,context-scaling,release,standard_hl_gift_v1,saugeen/W/short,chronos_bolt_small,chronos,chronos-bolt-small,47.718016,47.718016,8,gift_default,gift_horizon_specific_v1,,8,256,controlled,3231,3383,256,256,256,256,20,[],merged,2,1,160,5300.499998092651,,20,,float32,official_horizon_generation,,64,append_crop,1465.52587890625,1465.52587890625,18.699649047851562,1.5173384422592044,0.5041563987731934,0.48862547874450685,21.653893741235954,38.28218748852069,1.1555796623653247,0.5644644559443224,0.4825956124660361,1.5173384422592044,1.9906580047824172,0.7622295937393085,-0.2715074645586338,0.4825956124660361,0.7340352249903721,0.6574556588512029,-0.41937795621390694,Nature,1
saugeen/W/short|H=8|L=512|Hsrc=gift_default|Lsrc=controlled|origins=gift_horizon_specific_v1,context-scaling,release,standard_hl_gift_v1,saugeen/W/short,chronos_bolt_small,chronos,chronos-bolt-small,47.718016,47.718016,8,gift_default,gift_horizon_specific_v1,,8,512,controlled,3231,3383,512,512,256,256,20,[],merged,2,1,160,5300.499998092651,,20,,float32,official_horizon_generation,,64,append_crop,1067.683984375,1067.683984375,15.816448974609376,1.2829925426465778,0.4191746711730957,0.41582202911376953,12.188938173417085,32.675433958480184,0.9863351448425836,0.4774326642483031,0.3869771061587923,1.2829925426465778,1.9906580047824172,0.6445067608621258,-0.43926996656927975,0.3869771061587923,0.7340352249903721,0.527191465728185,-0.6401914838456071,Nature,1
saugeen/W/short|H=8|L=1024|Hsrc=gift_default|Lsrc=controlled|origins=gift_horizon_specific_v1,context-scaling,release,standard_hl_gift_v1,saugeen/W/short,chronos_bolt_small,chronos,chronos-bolt-small,47.718016,47.718016,8,gift_default,gift_horizon_specific_v1,,8,1024,controlled,3231,3383,1024,1024,256,256,20,[],merged,2,1,160,5300.499998092651,,20,,float32,official_horizon_generation,,64,append_crop,1021.418359375,1021.418359375,15.796534729003906,1.2814413039147556,0.4374053478240967,0.4169959545135498,11.854125377635453,31.95963640867962,0.9647282005902862,0.4768315361852861,0.38507191899384813,1.2814413039147556,1.9906580047824172,0.6437275015779618,-0.4404797766200298,0.38507191899384813,0.7340352249903721,0.5245959674467924,-0.6451268984893307,Nature,1
saugeen/W/short|H=8|L=2048|Hsrc=gift_default|Lsrc=controlled|origins=gift_horizon_specific_v1,context-scaling,release,standard_hl_gift_v1,saugeen/W/short,chronos_bolt_small,chronos,chronos-bolt-small,47.718016,47.718016,8,gift_default,gift_horizon_specific_v1,,8,2048,controlled,3231,3383,2048,2048,256,256,20,[],merged,2,1,160,5300.499998092651,,20,,float32,official_horizon_generation,,64,append_crop,916.1392578125,916.1392578125,15.323651123046876,1.2432277474435054,0.44156723022460936,0.4075218677520752,11.096745194328381,30.267792417229572,0.9136584828788599,0.4625571513196411,0.372032722382624,1.2432277474435054,1.9906580047824172,0.6245310567946565,-0.47075421999705763,0.372032722382624,0.7340352249903721,0.5068322468959221,-0.6795752041143645,Nature,1
solar/10T/medium|H=480|L=128|Hsrc=gift_default|Lsrc=controlled|origins=gift_horizon_specific_v1,context-scaling,release,standard_hl_gift_v1,solar/10T/medium,chronos_bolt_small,chronos,chronos-bolt-small,47.718016,47.718016,480,gift_default,gift_horizon_specific_v1,,480,128,controlled,47280,52080,128,128,256,256,20,[],merged,2,137,723360,3259788.3996440507,,20,,float32,official_horizon_generation,,64,append_crop,134.5883101083831,134.5883101083831,6.8347128331674405,2.9979848291585607,4.327270382006761,1.6872526732885424,41.893204974658204,11.60122019911626,2.574356864436071,1.5166499382413443,1.2790329956353517,2.9979848291585607,0.9270005407497468,3.234070205324613,1.1737414694303008,1.2790329956353517,0.655063598207076,1.9525325466658414,0.6691272718198374,Energy,1
solar/10T/medium|H=480|L=256|Hsrc=gift_default|Lsrc=controlled|origins=gift_horizon_specific_v1,context-scaling,release,standard_hl_gift_v1,solar/10T/medium,chronos_bolt_small,chronos,chronos-bolt-small,47.718016,47.718016,480,gift_default,gift_horizon_specific_v1,,480,256,controlled,47280,52080,256,256,256,256,20,[],merged,2,137,723360,3259788.3996440507,,20,,float32,official_horizon_generation,,64,append_crop,109.70464222517143,109.70464222517143,6.384944045841628,2.8245414597530667,3.26720255062307,1.727574249854844,42.05074945415513,10.4739983876823,2.32422186499626,1.4168444569912344,1.1994406858110933,2.8245414597530667,0.9270005407497468,3.04696851359829,1.1141471663756117,1.1994406858110933,0.655063598207076,1.8310293673682827,0.6048783045415129,Energy,1
solar/10T/medium|H=480|L=512|Hsrc=gift_default|Lsrc=controlled|origins=gift_horizon_specific_v1,context-scaling,release,standard_hl_gift_v1,solar/10T/medium,chronos_bolt_small,chronos,chronos-bolt-small,47.718016,47.718016,480,gift_default,gift_horizon_specific_v1,,480,512,controlled,47280,52080,512,512,256,256,20,[],merged,2,137,723360,3259788.3996440507,,20,,float32,official_horizon_generation,,64,append_crop,34.04673779307675,34.04673779307675,2.668844524165008,1.149185988698954,2.8688275463592614,1.5333506786040145,7.98354848489455,5.834958251185414,1.294800423560733,0.5922272056710193,0.46664768342398677,1.149185988698954,0.9270005407497468,1.2396821125578916,0.2148549859104781,0.46664768342398677,0.655063598207076,0.7123700426969413,-0.33915777969036326,Energy,1
solar/10T/medium|H=480|L=1024|Hsrc=gift_default|Lsrc=controlled|origins=gift_horizon_specific_v1,context-scaling,release,standard_hl_gift_v1,solar/10T/medium,chronos_bolt_small,chronos,chronos-bolt-small,47.718016,47.718016,480,gift_default,gift_horizon_specific_v1,,480,1024,controlled,47280,52080,1024,1024,256,256,20,[],merged,2,137,723360,3259788.3996440507,,20,,float32,official_horizon_generation,,64,append_crop,29.406040560716654,29.406040560716654,2.441708917413183,1.0646426702621614,2.563684421332617,1.522151357899248,6.514167739447006,5.4227336796782355,1.2033261529982655,0.5418249119154059,0.4183634186435716,1.0646426702621614,0.9270005407497468,1.148481174995962,0.13844035206445648,0.4183634186435716,0.655063598207076,0.6386607648305322,-0.44838185003291214,Energy,1
solar/10T/medium|H=480|L=2048|Hsrc=gift_default|Lsrc=controlled|origins=gift_horizon_specific_v1,context-scaling,release,standard_hl_gift_v1,solar/10T/medium,chronos_bolt_small,chronos,chronos-bolt-small,47.718016,47.718016,480,gift_default,gift_horizon_specific_v1,,480,2048,controlled,47280,52080,2048,2048,256,256,20,[],merged,2,137,723360,3259788.3996440507,,20,,float32,official_horizon_generation,,64,append_crop,29.949681002543684,29.949681002543684,2.454791874032294,1.0712581037975855,2.566886049785688,1.5276040370631498,7.425011937730096,5.472630172279476,1.2143983829908547,0.544728071979732,0.42564880891654355,1.0712581037975855,0.9270005407497468,1.1556175608389234,0.1446348857898453,0.42564880891654355,0.655063598207076,0.6497824181981017,-0.43111771336449667,Energy,1
solar/H/medium|H=480|L=128|Hsrc=gift_default|Lsrc=controlled|origins=gift_horizon_specific_v1,context-scaling,release,standard_hl_gift_v1,solar/H/medium,chronos_bolt_small,chronos,chronos-bolt-small,47.718016,47.718016,480,gift_default,gift_horizon_specific_v1,,480,128,controlled,7800,8280,128,128,256,256,20,[],merged,2,137,131520,3651068.2511000372,,20,,float32,official_horizon_generation,,64,append_crop,609.4933698296837,609.4933698296837,11.662703391119221,0.8919906670580464,3.433111802083885,1.4231446500532239,5.165543687804147,24.687919511973536,0.8893164824394828,0.42011779690446893,0.32638310232990186,0.8919906670580464,0.9349685904330063,0.9540327623679253,-0.047057266018783565,0.32638310232990186,0.9459874280739857,0.3450184353870456,-1.0641574274739445,Energy,1
solar/H/medium|H=480|L=256|Hsrc=gift_default|Lsrc=controlled|origins=gift_horizon_specific_v1,context-scaling,release,standard_hl_gift_v1,solar/H/medium,chronos_bolt_small,chronos,chronos-bolt-small,47.718016,47.718016,480,gift_default,gift_horizon_specific_v1,,480,256,controlled,7800,8280,256,256,256,256,20,[],merged,2,137,131520,3651068.2511000372,,20,,float32,official_horizon_generation,,64,append_crop,751.7966240875912,751.7966240875912,13.046366046989052,0.9963653992658879,3.5223615825731365,1.4465059377851277,6.030245518399343,27.418909972637337,0.9876931329658829,0.46996055523832675,0.3642022965341986,0.9963653992658879,0.9349685904330063,1.0656672421524314,0.06360112143362595,0.3642022965341986,0.9459874280739857,0.3849969732427716,-0.9545198064323429,Energy,1
solar/H/medium|H=480|L=512|Hsrc=gift_default|Lsrc=controlled|origins=gift_horizon_specific_v1,context-scaling,release,standard_hl_gift_v1,solar/H/medium,chronos_bolt_small,chronos,chronos-bolt-small,47.718016,47.718016,480,gift_default,gift_horizon_specific_v1,,480,512,controlled,7800,8280,512,512,256,256,20,[],merged,2,137,131520,3651068.2511000372,,20,,float32,official_horizon_generation,,64,append_crop,742.3068734793187,742.3068734793187,13.197628687652069,1.008269462779424,3.3129117789446063,1.450864352855079,5.311277325149842,27.24530920138949,0.9814396280012365,0.475409388602098,0.36597651974500867,1.008269462779424,0.9349685904330063,1.078399288592647,0.0754778014878606,0.36597651974500867,0.9459874280739857,0.3868724983905237,-0.9496601017599209,Energy,1
solar/H/medium|H=480|L=1024|Hsrc=gift_default|Lsrc=controlled|origins=gift_horizon_specific_v1,context-scaling,release,standard_hl_gift_v1,solar/H/medium,chronos_bolt_small,chronos,chronos-bolt-small,47.718016,47.718016,480,gift_default,gift_horizon_specific_v1,,480,1024,controlled,7800,8280,1024,1024,256,256,20,[],merged,2,137,131520,3651068.2511000372,,20,,float32,official_horizon_generation,,64,append_crop,757.2268552311435,757.2268552311435,13.254476030261557,1.0117340547731566,3.2432488817739435,1.4482509195369526,5.141470286268878,27.517755272389927,0.9912537713679571,0.47745716256462184,0.3678067109057257,1.0117340547731566,0.9349685904330063,1.0821048590569213,0.07890808798083866,0.3678067109057257,0.9459874280739857,0.3888071870622783,-0.9446717213242177,Energy,1
solar/H/medium|H=480|L=2048|Hsrc=gift_default|Lsrc=controlled|origins=gift_horizon_specific_v1,context-scaling,release,standard_hl_gift_v1,solar/H/medium,chronos_bolt_small,chronos,chronos-bolt-small,47.718016,47.718016,480,gift_default,gift_horizon_specific_v1,,480,2048,controlled,7800,8280,2048,2048,256,256,20,[],merged,2,137,131520,3651068.2511000372,,20,,float32,official_horizon_generation,,64,append_crop,715.6592457420925,715.6592457420925,12.979353900547446,0.9911457402002146,3.173266436195555,1.441843445863747,4.906612891172697,26.75180827050935,0.9636625726394803,0.4675466213171121,0.3591415436542393,0.9911457402002146,0.9349685904330063,1.060084531546874,0.058348651686707415,0.3591415436542393,0.9459874280739857,0.3796472690820483,-0.9685126966003178,Energy,1
sz_taxi/15T/medium|H=480|L=128|Hsrc=gift_default|Lsrc=controlled|origins=gift_horizon_specific_v1,context-scaling,release,standard_hl_gift_v1,sz_taxi/15T/medium,chronos_bolt_small,chronos,chronos-bolt-small,47.718016,47.718016,480,gift_default,gift_horizon_specific_v1,,480,128,controlled,2496,2496,128,128,256,256,20,[],merged,2,156,74880,804584.3353402718,,20,,float32,official_horizon_generation,,64,append_crop,18.902440571581195,18.902440571581195,3.0165785047743054,0.5904043193831333,12519693844088.525,0.43426696255675745,8.076118444680743,4.347693707194792,0.40462545751287016,0.28074297313030716,0.2339333459871856,0.5904043193831333,0.7134840539481987,0.8274947647617624,-0.18935249832282022,0.2339333459871856,0.3791721589395142,0.6169581296302474,-0.4829541185945838,Transport,1
sz_taxi/15T/medium|H=480|L=256|Hsrc=gift_default|Lsrc=controlled|origins=gift_horizon_specific_v1,context-scaling,release,standard_hl_gift_v1,sz_taxi/15T/medium,chronos_bolt_small,chronos,chronos-bolt-small,47.718016,47.718016,480,gift_default,gift_horizon_specific_v1,,480,256,controlled,2496,2496,256,256,256,256,20,[],merged,2,156,74880,804584.3353402718,,20,,float32,official_horizon_generation,,64,append_crop,17.98649422409188,17.98649422409188,2.934205249232105,0.5726966875396559,12499524016902.27,0.42599007370125536,7.686544841278308,4.241048717486263,0.39470036143702203,0.2730767669862473,0.22621515540324125,0.5726966875396559,0.7134840539481987,0.8026762257271632,-0.21980385216392256,0.22621515540324125,0.3791721589395142,0.5966027570060259,-0.5165037857153414,Transport,1
sz_taxi/15T/medium|H=480|L=512|Hsrc=gift_default|Lsrc=controlled|origins=gift_horizon_specific_v1,context-scaling,release,standard_hl_gift_v1,sz_taxi/15T/medium,chronos_bolt_small,chronos,chronos-bolt-small,47.718016,47.718016,480,gift_default,gift_horizon_specific_v1,,480,512,controlled,2496,2496,512,512,256,256,20,[],merged,2,156,74880,804584.3353402718,,20,,float32,official_horizon_generation,,64,append_crop,17.441009782318375,17.441009782318375,2.8866643921941773,0.5636037658082159,12456158613133.473,0.4207626212356437,7.002050562328191,4.1762435013201005,0.3886691545474794,0.26865229683608643,0.22058067195981254,0.5636037658082159,0.7134840539481987,0.7899318319581329,-0.2358086259047418,0.22058067195981254,0.3791721589395142,0.5817427961397338,-0.5417268599623825,Transport,1
sz_taxi/15T/medium|H=480|L=1024|Hsrc=gift_default|Lsrc=controlled|origins=gift_horizon_specific_v1,context-scaling,release,standard_hl_gift_v1,sz_taxi/15T/medium,chronos_bolt_small,chronos,chronos-bolt-small,47.718016,47.718016,480,gift_default,gift_horizon_specific_v1,,480,1024,controlled,2496,2496,1024,1024,256,256,20,[],merged,2,156,74880,804584.3353402718,,20,,float32,official_horizon_generation,,64,append_crop,17.251768663194444,17.251768663194444,2.861969254974626,0.5591789318741408,12042122848071.027,0.4161054171048678,6.4851381704404965,4.153524848029014,0.3865548047102842,0.26635400218408084,0.21694070332719811,0.5591789318741408,0.7134840539481987,0.7837301040994801,-0.24369057287622903,0.21694070332719811,0.3791721589395142,0.5721430179207979,-0.5583662875248966,Transport,1
sz_taxi/15T/medium|H=480|L=2048|Hsrc=gift_default|Lsrc=controlled|origins=gift_horizon_specific_v1,context-scaling,release,standard_hl_gift_v1,sz_taxi/15T/medium,chronos_bolt_small,chronos,chronos-bolt-small,47.718016,47.718016,480,gift_default,gift_horizon_specific_v1,,480,2048,controlled,2496,2496,2048,2048,256,256,20,[],merged,2,156,74880,804584.3353402718,,20,,float32,official_horizon_generation,,64,append_crop,17.661312266292736,17.661312266292736,2.873518358540331,0.5634793241738648,12060200255292.492,0.41687528170072113,6.056934509388378,4.202536408681397,0.3911161483761391,0.2674288390122603,0.21605159239916866,0.5634793241738648,0.7134840539481987,0.789757417920899,-0.23602944659837624,0.21605159239916866,0.3791721589395142,0.5697981439445119,-0.5624731143042734,Transport,1
us_births/D/short|H=30|L=128|Hsrc=gift_default|Lsrc=controlled|origins=gift_horizon_specific_v1,context-scaling,release,standard_hl_gift_v1,us_births/D/short,chronos_bolt_small,chronos,chronos-bolt-small,47.718016,47.718016,30,gift_default,gift_horizon_specific_v1,,30,128,controlled,6705,7275,128,128,256,256,20,[],merged,2,1,600,6400554.0,,20,,float32,official_horizon_generation,,64,append_crop,285870.26666666666,285870.26666666666,384.739921875,0.5661249244315574,0.036536242167154946,0.03630718866984049,4.681296488104605,534.6683707371016,0.05012082117302048,0.03606624569138859,0.02907328041752812,0.5661249244315574,1.8648391912491094,0.30357841420758364,-1.1921153354363594,0.02907328041752812,0.11952686586312443,0.24323636537764853,-1.4137216113774365,Healthcare,1
us_births/D/short|H=30|L=256|Hsrc=gift_default|Lsrc=controlled|origins=gift_horizon_specific_v1,context-scaling,release,standard_hl_gift_v1,us_births/D/short,chronos_bolt_small,chronos,chronos-bolt-small,47.718016,47.718016,30,gift_default,gift_horizon_specific_v1,,30,256,controlled,6705,7275,256,256,256,256,20,[],merged,2,1,600,6400554.0,,20,,float32,official_horizon_generation,,64,append_crop,305105.06666666665,305105.06666666665,402.22828125,0.5920690771103083,0.03812471071879069,0.0379714298248291,4.573718861272917,552.3631655592783,0.051779564602621425,0.03770563747294375,0.03001969352605986,0.5920690771103083,1.8648391912491094,0.31749068760922367,-1.1473067914441841,0.03001969352605986,0.11952686586312443,0.2511543602292455,-1.381687547880661,Healthcare,1
us_births/D/short|H=30|L=512|Hsrc=gift_default|Lsrc=controlled|origins=gift_horizon_specific_v1,context-scaling,release,standard_hl_gift_v1,us_births/D/short,chronos_bolt_small,chronos,chronos-bolt-small,47.718016,47.718016,30,gift_default,gift_horizon_specific_v1,,30,512,controlled,6705,7275,512,512,256,256,20,[],merged,2,1,600,6400554.0,,20,,float32,official_horizon_generation,,64,append_crop,278434.8,278434.8,361.81994791666665,0.5325198136667751,0.03418479283650716,0.034044230779012044,4.752559371520535,527.6692145653374,0.04946470707679404,0.03391768411765606,0.027771069450386317,0.5325198136667751,1.8648391912491094,0.28555803426143245,-1.2533099981738103,0.027771069450386317,0.11952686586312443,0.2323416518106332,-1.4595463534676894,Healthcare,1
us_births/D/short|H=30|L=1024|Hsrc=gift_default|Lsrc=controlled|origins=gift_horizon_specific_v1,context-scaling,release,standard_hl_gift_v1,us_births/D/short,chronos_bolt_small,chronos,chronos-bolt-small,47.718016,47.718016,30,gift_default,gift_horizon_specific_v1,,30,1024,controlled,6705,7275,1024,1024,256,256,20,[],merged,2,1,600,6400554.0,,20,,float32,official_horizon_generation,,64,append_crop,292441.70666666667,292441.70666666667,366.96515625,0.5399457062001903,0.034717655181884764,0.03456036885579427,4.984825135781332,540.7787964285089,0.05069362399834536,0.0344000056479486,0.02805661502500246,0.5399457062001903,1.8648391912491094,0.28954008942643633,-1.2394615133993545,0.02805661502500246,0.11952686586312443,0.23473061744236937,-1.4493167311082593,Healthcare,1
us_births/D/short|H=30|L=2048|Hsrc=gift_default|Lsrc=controlled|origins=gift_horizon_specific_v1,context-scaling,release,standard_hl_gift_v1,us_births/D/short,chronos_bolt_small,chronos,chronos-bolt-small,47.718016,47.718016,30,gift_default,gift_horizon_specific_v1,,30,2048,controlled,6705,7275,2048,2048,256,256,20,[],merged,2,1,600,6400554.0,,20,,float32,official_horizon_generation,,64,append_crop,290552.74666666664,290552.74666666664,358.735,0.527852910087943,0.03408777872721354,0.03379809061686198,4.968726299664715,539.0294487935391,0.05052963685270423,0.03362849528337703,0.027629386025974274,0.527852910087943,1.8648391912491094,0.2830554573096331,-1.2621124383121363,0.027629386025974274,0.11952686586312443,0.23115628295327278,-1.4646612476355731,Healthcare,1
